state,year,homicide,rape,robbery,aggravated assault,burglary,larceny,vehicle theft,cluster,cluster change from previous year,number of cluster changes ,
MI,1979,9,45,220,341,1507,3423,602,1,1,,
ND,1979,2,8,10,42,461,2071,162,3,1,,
SD,1979,2,16,20,120,626,2000,174,3,1,,
MT,1979,4,21,33,166,803,3122,311,4,1,,
NH,1979,2,17,29,92,1199,2915,325,4,1,,
MS,1979,13,22,71,219,974,1497,167,6,1,,
AK,1979,13,72,110,296,1383,3713,616,7,1,,
ID,1979,5,21,43,219,1075,2605,272,8,1,,
MA,1979,4,25,203,300,1605,2637,1145,8,1,,
MN,1979,2,21,92,105,1113,2730,329,8,1,,
MO,1979,11,34,211,271,1447,2555,411,8,1,,
SC,1979,13,34,108,524,1506,2586,296,8,1,,
AR,1979,9,27,75,255,984,2076,194,9,1,,
AK,1980,9,57,82,289,1260,3389,561,1,1,,
ID,1980,3,22,47,241,1239,2993,237,1,1,,
MA,1980,4,27,236,334,1740,2686,1052,1,1,,
WY,1980,6,29,44,313,904,3345,345,4,1,,
VA,1980,9,27,120,151,1203,2882,228,8,1,,
SD,1980,1,12,20,94,693,2255,169,9,1,,
MN,1981,2,26,104,96,1278,2979,252,1,1,,
MO,1981,10,30,215,285,1583,2847,381,1,1,,
NM,1981,11,47,141,472,1613,3561,355,1,1,,
OH,1981,7,31,237,221,1494,3032,425,1,1,,
RI,1981,4,18,132,288,1655,2891,864,1,1,,
VT,1981,4,33,28,63,1560,3080,293,1,1,,
MT,1981,3,22,38,189,966,3519,280,7,1,,
WY,1981,5,35,42,347,961,3450,291,7,1,,
ND,1981,2,9,13,44,501,2258,165,9,1,,
CT,1982,5,22,208,164,1411,3065,552,1,1,,
GA,1982,13,40,155,271,1498,2927,312,1,1,,
KS,1982,6,25,87,218,1345,3049,223,1,1,,
LA,1982,16,40,213,401,1425,2882,336,1,1,,
NJ,1982,6,29,308,264,1431,3011,627,1,1,,
SC,1982,11,39,122,548,1491,2873,278,1,1,,
CA,1982,11,51,372,381,2020,3785,666,2,1,,
DE,1982,5,31,122,401,1445,3969,412,2,1,,
HI,1982,3,34,157,61,1658,4250,421,2,1,,
MI,1982,9,47,271,330,1813,3623,692,2,1,,
IA,1982,2,12,36,122,948,2842,174,4,1,,
NE,1982,2,21,62,145,811,2732,178,4,1,,
VA,1982,7,25,122,155,974,2789,184,4,1,,
VT,1982,2,35,23,67,1178,3132,255,4,1,,
AR,1982,8,27,79,211,1071,2289,186,8,1,,
NH,1982,2,16,34,73,945,2536,224,8,1,,
DE,1983,4,38,115,296,1223,3450,339,1,1,,
IL,1983,10,32,319,368,1292,2952,569,1,1,,
MD,1983,9,33,347,418,1224,2961,365,1,1,,
NY,1983,11,30,536,337,1410,2855,724,1,1,,
NM,1983,9,48,114,516,1559,3794,306,2,1,,
NV,1983,13,51,307,284,2011,3563,471,2,1,,
WY,1983,6,21,30,180,705,2905,166,4,1,,
AL,1983,9,24,98,285,1073,2381,231,8,1,,
IA,1983,2,13,41,125,916,2664,158,8,1,,
ID,1983,4,18,27,190,931,2526,171,8,1,,
IN,1983,5,28,100,151,988,2536,322,8,1,,
LA,1983,14,40,190,397,1292,2783,311,8,1,,
ME,1983,2,17,27,114,996,2358,168,8,1,,
TN,1983,9,36,173,185,1206,2087,317,8,1,,
VA,1983,7,25,110,150,920,2571,178,8,1,,
NH,1983,2,19,24,80,822,2227,182,9,1,,
NM,1984,9,55,130,494,1640,3595,321,1,1,,
TX,1984,13,46,178,267,1664,3312,549,1,1,,
AR,1984,7,30,68,217,886,1993,168,3,1,,
NH,1984,1,21,23,89,736,2079,189,3,1,,
TN,1984,8,40,167,230,1124,1954,366,3,1,,
DC,1984,28,59,977,658,1758,4409,702,5,1,,
GA,1984,9,40,144,285,1205,2523,292,8,1,,
NJ,1984,5,33,242,247,1063,2690,575,8,1,,
OK,1984,8,40,111,249,1455,2573,458,8,1,,
AL,1984,9,25,96,301,1002,2236,234,9,1,,
IA,1984,2,13,38,145,871,2571,158,9,1,,
ID,1984,3,19,24,189,874,2411,151,9,1,,
WY,1984,3,21,23,195,642,2645,154,9,1,,
NJ,1985,5,32,255,252,1057,2829,664,4,1,,
IA,1985,2,13,41,156,914,2664,153,8,1,,
ID,1985,2,19,27,187,887,2604,182,8,1,,
IL,1985,8,39,287,380,1136,2870,591,8,1,,
KS,1985,5,29,79,243,1051,2752,216,8,1,,
MD,1985,8,39,302,486,1207,2871,461,8,1,,
MN,1985,2,30,86,139,1017,2598,262,8,1,,
NY,1985,9,32,504,384,1235,2824,599,8,1,,
SC,1985,9,41,94,487,1254,2697,259,8,1,,
AR,1985,8,29,69,242,941,2118,178,9,1,,
IL,1986,9,41,326,434,1182,2943,628,1,1,,
NJ,1986,5,33,269,265,1071,2822,776,8,1,,
IN,1986,6,26,90,186,887,2333,328,9,1,,
NE,1986,3,25,51,184,748,2677,168,9,1,,
CO,1987,6,41,119,302,1535,4013,436,2,1,,
DC,1987,36,39,717,817,1808,4021,1012,2,1,,
ID,1987,3,18,24,169,977,2798,167,4,1,,
IL,1987,8,38,314,435,1124,2957,540,4,1,,
AK,1987,10,65,73,307,970,3466,486,7,1,,
VA,1987,7,26,106,156,807,2603,254,9,1,,
GA,1988,12,46,244,364,1611,3496,555,1,1,,
IL,1988,9,39,313,451,1129,3076,605,1,1,,
MD,1988,10,37,301,459,1179,3047,672,1,1,,
NV,1988,10,74,291,405,1545,3528,599,1,1,,
OR,1988,5,41,193,307,1764,4154,594,2,1,,
KS,1988,3,31,86,245,1179,3093,243,4,1,,
NJ,1988,5,34,245,299,980,2838,894,4,1,,
HI,1988,4,32,84,137,1256,4112,364,7,1,,
NC,1988,8,28,109,357,1391,2719,250,8,1,,
OH,1988,5,43,161,243,1031,2763,399,8,1,,
HI,1989,5,45,83,138,1343,4260,397,2,1,,
WA,1989,4,62,140,266,1545,4119,458,2,1,,
MS,1989,10,39,78,184,1145,1880,179,3,1,,
ND,1989,1,12,9,42,359,2026,113,3,1,,
IL,1989,9,36,336,465,1076,3110,607,4,1,,
MD,1989,12,38,332,474,1123,2920,664,4,1,,
NV,1989,8,60,251,307,1405,3662,580,7,1,,
ID,1989,3,23,15,214,872,2645,159,8,1,,
IN,1989,6,32,101,267,969,2673,391,8,1,,
NJ,1989,5,32,273,299,977,2765,919,8,1,,
VT,1989,2,23,18,90,1029,2728,199,8,1,,
GA,1990,12,54,263,427,1619,3714,674,2,1,,
SD,1990,2,34,12,114,527,2109,110,3,1,,
AK,1990,7,73,77,367,894,3168,565,4,1,,
DE,1990,5,88,165,397,970,3291,444,4,1,,
VT,1990,2,26,12,87,1087,2918,208,4,1,,
AL,1990,12,33,144,521,1103,2755,348,8,1,,
AR,1990,10,43,113,365,1211,2834,289,8,1,,
ME,1990,2,20,25,96,823,2555,177,9,1,,
AL,1991,11,36,153,644,1269,2889,363,1,1,,
AR,1991,11,45,136,402,1227,3014,341,1,1,,
GA,1991,13,42,268,415,1515,3629,611,1,1,,
MI,1991,11,79,243,470,1186,3469,680,1,1,,
NY,1991,14,28,622,499,1132,2944,1004,1,1,,
NM,1991,11,52,120,652,1723,3775,346,2,1,,
MT,1991,3,20,19,99,524,2778,206,4,1,,
NJ,1991,5,29,293,307,1016,2855,926,4,1,,
OH,1991,7,53,215,287,1055,2916,500,4,1,,
DE,1991,5,86,215,408,1128,3652,375,7,1,,
ME,1991,1,22,23,86,903,2570,163,8,1,,
VT,1991,2,31,12,72,1020,2674,144,8,1,,
NH,1991,4,30,33,53,735,2373,220,9,1,,
SD,1991,2,40,19,122,590,2192,115,9,1,,
IL,1992,11,37,412,516,1077,3092,619,1,1,,
KS,1992,6,41,130,334,1294,3192,324,1,1,,
LA,1992,17,42,271,653,1366,3567,628,1,1,,
TX,1992,13,53,253,488,1523,3907,822,2,1,,
IA,1992,2,19,40,218,754,2766,159,4,1,,
ID,1992,3,32,21,225,744,2814,157,4,1,,
ND,1992,2,23,8,50,391,2280,149,9,1,,
VT,1992,2,25,9,74,826,2370,105,9,1,,
SD,1993,3,44,15,146,549,2086,115,3,1,,
VT,1993,4,40,9,62,874,2851,133,4,1,,
WI,1993,4,25,113,121,663,2762,365,4,1,,
HI,1993,4,34,104,120,1136,4429,451,7,1,,
TX,1993,12,55,224,471,1297,3687,692,7,1,,
AL,1993,12,35,159,574,1089,2672,338,8,1,,
MA,1993,4,33,176,592,1002,2271,816,8,1,,
MO,1993,11,36,242,455,1025,2778,548,8,1,,
RI,1993,4,29,101,268,1041,2410,646,8,1,,
ID,1993,3,35,17,227,669,2711,183,9,1,,
CA,1994,12,35,357,609,1223,2958,981,1,1,,
MD,1994,12,41,402,493,1043,3368,763,1,1,,
ND,1994,0,23,11,47,324,2179,151,3,1,,
AR,1994,12,42,129,412,1097,2792,315,8,1,,
NY,1994,11,26,477,452,906,2490,709,8,1,,
IA,1994,2,24,47,243,667,2492,180,9,1,,
RI,1994,4,27,87,257,913,2311,520,9,1,,
NM,1995,9,57,155,599,1447,3649,513,1,1,,
TX,1995,9,46,180,429,1082,3378,560,1,1,,
AZ,1995,10,34,174,496,1417,4926,1158,2,1,,
HI,1995,5,28,131,132,1165,5047,691,2,1,,
IA,1995,2,22,53,278,757,2767,223,4,1,,
AK,1995,9,80,155,526,837,3624,522,7,1,,
CT,1995,5,24,163,214,888,2669,540,8,1,,
NJ,1995,5,24,283,287,875,2597,632,8,1,,
OH,1995,5,43,179,255,839,2669,415,8,1,,
RI,1995,3,27,92,245,933,2503,441,8,1,,
MA,1995,4,29,150,504,818,2232,605,9,1,,
ND,1995,1,23,10,53,351,2250,179,9,1,,
SD,1995,2,41,26,139,541,2191,121,9,1,,
VT,1995,2,28,11,77,761,2419,136,9,1,,
SD,1996,1,41,19,116,557,2122,114,3,1,,
DE,1996,4,63,180,422,804,2988,434,4,1,,
KS,1996,7,43,96,268,981,3038,248,4,1,,
VA,1996,7,27,123,185,588,2760,279,4,1,,
AZ,1996,9,31,168,424,1256,4252,927,7,1,,
CO,1996,5,46,98,255,901,3416,398,7,1,,
MD,1996,12,38,393,489,992,3427,711,7,1,,
MT,1996,4,27,30,100,558,3519,256,7,1,,
TX,1996,8,44,171,421,1069,3447,549,7,1,,
TN,1996,9,47,224,494,1163,2865,647,8,1,,
NV,1997,11,60,302,425,1310,3167,788,1,1,,
OK,1997,7,46,104,403,1206,3287,442,1,1,,
TN,1997,10,57,214,509,1172,2922,629,1,1,,
AZ,1997,8,33,166,417,1319,4282,970,2,1,,
FL,1997,7,52,276,689,1460,4057,732,2,1,,
VT,1997,2,26,13,78,613,1960,136,3,1,,
AR,1997,10,44,112,362,1013,2864,315,4,1,,
ID,1997,3,29,20,205,758,2709,201,4,1,,
IN,1997,7,33,132,342,822,2702,428,4,1,,
MI,1997,8,52,153,378,826,2833,668,4,1,,
DE,1997,3,58,244,481,877,3539,581,7,1,,
GA,1997,8,31,207,361,1086,3503,595,7,1,,
KS,1997,6,45,98,281,936,3538,248,7,1,,
CA,1997,8,32,252,506,927,2431,709,8,1,,
ME,1997,2,20,21,78,664,2215,132,9,1,,
NJ,1997,4,21,211,256,756,2297,511,9,1,,
NY,1997,6,22,309,351,652,2131,439,9,1,,
SD,1997,1,48,23,124,554,2377,116,9,1,,
SC,1998,8,46,155,695,1163,3295,416,1,1,,
NH,1998,2,34,22,50,325,1863,124,3,1,,
AK,1998,7,69,87,492,667,3031,425,4,1,,
CO,1998,5,47,82,244,786,2918,405,4,1,,
IL,1998,8,34,248,517,812,2799,440,4,1,,
MN,1998,3,50,93,165,688,2724,325,4,1,,
MT,1998,2,27,26,149,520,3402,233,4,1,,
OH,1998,4,41,133,185,810,2771,384,4,1,,
OK,1998,6,45,92,396,1143,2916,405,4,1,,
WY,1998,5,28,16,199,560,2860,139,4,1,,
DC,1998,50,36,689,943,1216,4658,1243,5,1,,
HI,1998,2,30,103,113,936,3681,469,7,1,,
NM,1998,11,55,163,732,1394,3744,620,7,1,,
OR,1998,4,40,105,271,928,3773,526,7,1,,
WA,1998,4,48,116,261,1063,3758,619,7,1,,
AR,1998,8,35,96,351,928,2582,283,8,1,,
MI,1998,7,50,156,407,838,2630,594,8,1,,
CA,1998,7,30,211,457,823,2217,599,9,1,,
CT,1998,4,22,134,206,666,2366,388,9,1,,
ID,1998,3,31,21,226,693,2554,186,9,1,,
VT,1998,2,28,9,67,671,2214,148,9,1,,
NC,1999,7,28,158,349,1287,3012,334,1,1,,
ID,1999,2,33,18,192,610,2143,152,3,1,,
MA,1999,2,27,96,426,534,1763,415,3,1,,
ND,1999,2,22,9,34,369,1795,164,3,1,,
SD,1999,2,46,14,105,444,1915,117,3,1,,
HI,1999,4,30,88,113,795,3413,393,4,1,,
FL,1999,6,46,212,590,1200,3534,617,7,1,,
LA,1999,11,33,174,515,1093,3425,496,7,1,,
UT,1999,2,38,54,181,685,3670,347,7,1,,
NV,1999,9,52,233,276,973,2386,724,8,1,,
OK,1999,7,41,83,377,1027,2788,361,8,1,,
MT,1999,2,33,27,174,439,2645,212,9,1,,
RI,1999,4,39,80,164,640,2249,407,9,1,,
VA,1999,6,25,101,183,472,2326,261,9,1,,
FL,2000,6,44,199,563,1082,3243,558,1,1,,
NM,2000,7,51,137,562,1173,3184,404,1,1,,
RI,2000,4,39,88,166,631,2102,445,3,1,,
AL,2000,7,33,128,317,907,2865,288,4,1,,
DE,2000,3,54,178,449,666,2726,402,4,1,,
MT,2000,2,34,23,252,402,2957,210,4,1,,
OK,2000,5,41,76,376,918,2785,358,4,1,,
OR,2000,2,38,84,227,749,3339,407,4,1,,
ND,2000,1,26,9,46,326,1727,154,6,1,,
TN,2000,7,38,166,495,990,2709,484,8,1,,
CO,2000,3,41,71,219,631,2623,394,9,1,,
ID,2000,1,30,17,204,566,2206,161,9,1,,
NY,2001,5,19,192,298,421,1726,253,3,1,,
MD,2001,8,27,251,495,771,2709,595,4,1,,
TN,2001,7,38,178,521,1038,2870,492,4,1,,
OR,2001,2,34,79,191,767,3542,427,7,1,,
AL,2001,8,31,125,274,909,2685,282,8,1,,
OK,2001,5,43,79,384,996,2725,362,8,1,,
AK,2001,6,79,81,423,607,2635,413,9,1,,
AR,2001,5,33,81,333,824,2582,272,9,1,,
ND,2002,1,26,9,43,354,1814,161,3,1,,
NJ,2002,4,16,163,193,512,1727,417,3,1,,
VT,2002,2,20,12,72,566,1733,125,3,1,,
AL,2002,7,37,133,268,951,2767,310,4,1,,
NM,2002,8,55,119,558,1060,2884,402,4,1,,
DC,2002,46,46,674,872,908,3814,1687,7,1,,
TN,2002,7,40,163,508,1058,2791,458,8,1,,
MI,2002,7,53,118,363,707,2134,495,9,1,,
NV,2002,8,43,236,352,874,2190,807,9,1,,
RI,2002,4,37,86,159,600,2251,456,9,1,,
WI,2002,3,23,87,113,513,2268,247,9,1,,
AK,2003,6,93,69,430,598,2784,380,4,1,,
CO,2003,4,42,82,218,712,2738,502,4,1,,
DC,2003,45,49,707,824,838,3249,1777,4,1,,
NE,2003,3,29,67,195,583,2816,353,4,1,,
VT,2003,2,20,10,81,487,1636,106,6,1,,
WV,2003,4,17,39,196,580,1568,191,6,1,,
AZ,2003,8,33,137,336,1051,3562,1022,7,1,,
HI,2003,2,29,94,148,914,3588,773,7,1,,
MS,2003,9,37,105,173,1026,2370,312,8,1,,
IA,2003,2,27,38,211,595,2189,192,9,1,,
FL,2004,5,38,173,496,957,2775,451,4,1,,
GA,2004,7,27,153,264,931,2797,496,4,1,,
LA,2004,13,36,146,446,1006,2975,437,4,1,,
OK,2004,5,44,88,363,1000,2874,368,4,1,,
NV,2004,7,41,210,358,992,2248,970,8,1,,
CO,2004,4,42,81,244,717,2680,522,9,1,,
CO,2005,4,43,85,265,745,2736,560,4,1,,
MO,2005,7,28,124,367,739,2747,443,4,1,,
OR,2005,2,35,68,182,759,3114,529,4,1,,
TN,2005,7,37,168,545,1033,2844,424,4,1,,
UT,2005,2,37,44,142,601,2894,341,4,1,,
OK,2005,5,42,91,371,1007,2648,392,8,1,,
DC,2005,34,29,636,682,615,2549,1326,9,1,,
IL,2005,6,34,182,330,608,2175,308,9,1,,
MS,2005,7,39,83,150,924,2093,258,9,1,,
NV,2005,9,42,195,362,973,2156,1116,9,1,,
ID,2006,2,42,20,186,515,1715,166,3,1,,
PA,2006,6,29,170,238,464,1745,239,3,1,,
KS,2006,5,46,68,314,727,2730,316,4,1,,
WA,2006,3,43,100,202,920,2864,726,4,1,,
CO,2006,4,45,80,266,682,2322,435,9,1,,
AZ,2007,9,37,154,318,946,2794,793,4,1,,
HI,2007,2,29,87,157,708,2921,490,4,1,,
TX,2007,6,35,162,307,955,2774,393,4,1,,
PA,2007,6,28,156,227,451,1699,213,6,1,,
MN,2007,2,36,92,160,572,2230,243,9,1,,
MT,2007,3,38,24,315,363,2330,214,9,1,,
NE,2007,4,31,63,213,509,2338,296,9,1,,
WY,2007,4,33,16,204,452,2271,156,9,1,,
CT,2008,4,19,115,168,431,1805,254,3,1,,
IA,2008,3,31,42,213,553,1742,146,3,1,,
PA,2008,6,28,152,225,471,1760,181,3,1,,
SC,2008,7,38,147,539,1026,2820,394,4,1,,
AZ,2008,7,34,151,294,902,2607,594,8,1,,
OK,2008,6,40,102,384,968,2204,303,9,1,,
CA,2009,5,24,173,271,623,1665,443,3,1,,
VT,2009,1,21,18,94,558,1784,72,3,1,,
WV,2009,5,26,50,225,660,1728,152,3,1,,
AL,2009,7,32,133,278,1037,2508,236,8,1,,
FL,2009,5,30,167,411,981,2589,271,8,1,,
NM,2009,10,53,96,473,1092,2298,324,8,1,,
OK,2009,6,42,91,364,1033,2273,284,8,1,,
IN,2009,5,25,114,190,761,2136,215,9,1,,
MD,2009,8,20,211,351,648,2207,344,9,1,,
IN,2010,4,27,101,191,748,2114,208,3,1,,
MI,2010,6,48,117,323,753,1719,278,3,1,,
NV,2010,6,36,196,426,824,1573,377,3,1,,
DC,2010,22,31,715,559,700,3226,836,4,1,,
NH,2010,1,31,34,101,413,1731,76,6,1,,
VT,2010,1,23,12,95,535,1657,70,6,1,,
TX,2010,5,30,130,283,905,2592,269,8,1,,
AK,2010,4,75,83,473,435,2175,227,9,1,,
AL,2010,6,28,102,248,888,2415,225,9,1,,
NM,2010,7,46,78,457,1018,2154,254,9,1,,
VA,2011,4,20,67,107,378,1758,121,3,1,,
CA,2011,5,20,144,242,611,1584,390,6,1,,
NV,2011,5,34,158,371,748,1476,352,6,1,,
WV,2011,5,20,43,228,552,1437,114,6,1,,
GA,2011,6,21,125,223,978,2360,303,8,1,,
NC,2011,5,20,98,223,1093,2232,174,8,1,,
TN,2011,6,33,126,443,982,2405,221,8,1,,
IN,2011,5,27,107,193,776,2158,227,9,1,,
AK,2012,4,80,86,434,404,2131,208,3,1,,
CA,2012,5,21,149,249,647,1671,444,3,1,,
IL,2012,6,28,151,231,553,1829,204,3,1,,
KY,2012,5,30,81,109,682,1740,154,3,1,,
VT,2012,1,21,18,102,668,1760,74,3,1,,
WI,2012,3,21,82,178,488,1828,144,3,1,,
WV,2012,4,22,45,249,618,1659,120,3,1,,
WY,2012,2,27,11,162,369,1823,101,3,1,,
AL,2012,7,27,104,312,986,2315,205,8,1,,
SC,2012,7,36,96,422,957,2590,286,8,1,,
KS,2012,3,38,52,264,654,2267,235,9,1,,
NC,2012,5,20,96,232,1019,2187,165,9,1,,
OH,2012,4,33,133,131,912,2124,171,9,1,,
ME,2013,2,37,25,68,488,1736,69,3,1,,
NH,2013,2,59,49,129,399,1829,71,3,1,,
NV,2013,6,53,186,360,826,1653,358,3,1,,
RI,2013,3,43,65,147,534,1698,213,3,1,,
AR,2013,5,50,76,331,1026,2380,192,8,1,,
LA,2013,11,38,120,353,890,2491,198,8,1,,
NM,2013,6,75,88,454,1046,2451,287,8,1,,
AK,2013,5,125,85,424,396,2251,230,9,1,,
FL,2013,5,35,118,311,709,2211,178,9,1,,
MO,2013,6,38,91,299,642,2225,270,9,1,,
OK,2013,5,60,78,302,870,2118,293,9,1,,
TX,2013,4,39,120,247,721,2284,248,9,1,,
MD,2014,6,27,160,255,471,1827,219,3,1,,
MN,2014,2,37,68,123,381,1764,153,3,1,,
NE,2014,3,47,55,171,421,1862,237,3,1,,
AL,2014,6,41,97,284,820,2151,209,9,1,,
DE,2014,5,42,136,305,616,2231,135,9,1,,
HI,2014,1,39,67,130,526,2324,273,9,1,,
TN,2014,6,40,111,454,715,2160,192,9,1,,
AK,2015,8,122,103,498,476,2067,277,3,1,,
HI,2015,1,39,84,169,458,2934,404,4,1,,
GA,2015,6,32,123,220,668,2164,266,9,1,,
AZ,2016,6,48,102,316,553,2180,268,9,1,,
NM,2016,7,73,131,488,829,2537,563,9,1,,
OR,2016,3,44,56,166,414,2240,325,9,1,,
UT,2016,2,51,50,139,425,2242,308,9,1,,
FL,2017,5,38,89,277,423,1885,205,3,1,,
IN,2017,6,39,106,244,447,1718,221,3,1,,
MS,2017,6,22,83,145,751,1872,145,3,1,,
OH,2017,6,50,96,144,493,1735,178,3,1,,
TX,2017,5,51,113,268,471,1842,240,3,1,,
NM,2017,7,59,178,534,854,2498,559,8,1,,
AR,2017,8,71,67,420,745,2158,242,9,1,,
WA,2017,3,44,73,183,588,2184,396,9,1,,
AL,2018,8,41,83,388,590,1959,268,3,1,13,
AR,2018,7,73,53,411,637,2040,236,3,1,13,
AZ,2018,5,51,91,328,440,1970,267,3,1,8,
CO,2018,4,71,67,255,375,1916,381,3,1,9,
DE,2018,5,35,90,294,327,1845,153,3,1,9,
GA,2018,6,25,79,217,431,1907,235,3,1,10,
HI,2018,3,44,67,136,396,2076,398,3,1,12,
MO,2018,10,48,85,360,445,1879,323,3,1,6,
MT,2018,3,52,25,294,307,1926,263,3,1,9,
OK,2018,5,58,71,332,681,1857,337,3,1,12,
TN,2018,7,42,106,468,489,2034,302,3,1,11,
UT,2018,2,55,39,137,315,1818,245,3,1,4,
WA,2018,3,45,74,189,533,2045,367,3,1,5,
CA,2018,4,39,137,266,416,1572,392,6,1,8,
CT,2018,2,24,61,120,222,1252,207,6,1,5,
FL,2018,5,40,79,261,338,1751,193,6,1,8,
IA,2018,2,31,30,188,353,1190,149,6,1,10,
ID,2018,2,45,11,169,282,1068,112,6,1,15,
IL,2018,7,46,112,240,307,1472,154,6,1,11,
IN,2018,7,35,89,252,378,1573,229,6,1,9,
KY,2018,5,38,55,113,385,1348,230,6,1,2,
MA,2018,2,35,60,241,201,967,96,6,1,6,
MD,2018,8,33,161,267,313,1520,201,6,1,10,
ME,2018,2,33,17,60,203,1097,58,6,1,6,
MI,2018,6,77,57,310,317,1162,175,6,1,8,
MN,2018,2,44,52,122,288,1525,181,6,1,7,
MS,2018,6,18,53,157,698,1561,144,6,1,6,
ND,2018,2,52,21,205,358,1448,234,6,1,10,
NE,2018,2,64,39,179,272,1555,253,6,1,6,
NH,2018,2,39,26,106,136,1048,64,6,1,9,
NJ,2018,3,16,71,117,216,1065,124,6,1,11,
NV,2018,7,77,127,330,585,1461,392,6,1,12,
NY,2018,3,34,93,221,159,1214,67,6,1,7,
OH,2018,5,45,79,151,412,1595,170,6,1,8,
PA,2018,6,35,77,188,212,1176,102,6,1,4,
RI,2018,2,45,43,129,266,1250,145,6,1,9,
SD,2018,1,70,30,304,291,1265,173,6,1,10,
TX,2018,5,51,98,257,411,1713,243,6,1,10,
VA,2018,5,34,42,119,183,1356,127,6,1,8,
VT,2018,2,46,11,113,234,1008,40,6,1,16,
WV,2018,4,36,32,218,296,1050,140,6,1,5,
WY,2018,2,42,17,151,264,1376,145,6,1,8,
DC,2018,23,64,344,565,255,3750,369,7,1,8,
AK,2018,6,162,122,595,540,2219,542,9,1,13,
LA,2018,11,45,98,383,668,2360,248,9,1,7,
NM,2018,8,65,135,649,768,2166,486,9,1,14,
SC,2018,8,48,70,363,580,2156,282,9,1,7,
CT,1979,4,24,193,193,1548,3114,703,1,0,,
GA,1979,17,43,214,285,1594,2848,416,1,0,,
IL,1979,11,33,321,379,1441,3171,676,1,0,,
KS,1979,5,26,102,219,1330,2939,274,1,0,,
LA,1979,17,39,219,401,1397,2878,408,1,0,,
MD,1979,10,39,331,415,1510,3502,488,1,0,,
NJ,1979,7,28,250,217,1601,3022,696,1,0,,
NM,1979,12,47,121,406,1481,3364,357,1,0,,
NY,1979,12,31,530,345,1747,2836,705,1,0,,
OH,1979,8,32,195,223,1287,2946,439,1,0,,
RI,1979,3,15,110,247,1550,3051,793,1,0,,
TX,1979,17,45,192,254,1791,3082,544,1,0,,
VT,1979,1,23,29,131,1578,3200,337,1,0,,
AZ,1979,9,46,176,363,1997,4775,493,2,0,,
CA,1979,13,54,334,410,2187,3733,738,2,0,,
CO,1979,6,53,157,306,1794,4253,481,2,0,,
DE,1979,6,28,129,374,1527,3966,495,2,0,,
FL,1979,12,52,249,521,2154,4267,432,2,0,,
HI,1979,7,32,184,66,1807,4435,715,2,0,,
NV,1979,18,60,408,351,2820,4471,704,2,0,,
OR,1979,4,44,131,366,1610,3832,386,2,0,,
WA,1979,5,46,121,263,1784,3877,435,2,0,,
KY,1979,9,20,92,126,910,1770,256,3,0,,
PA,1979,6,22,152,154,935,1838,389,3,0,,
IA,1979,2,11,50,118,922,2929,270,4,0,,
NE,1979,4,21,74,127,813,2681,273,4,0,,
WI,1979,3,16,61,86,949,3006,267,4,0,,
WY,1979,9,28,42,272,864,3246,363,4,0,,
DC,1979,27,75,1055,452,2051,4393,550,5,0,,
WV,1979,7,15,44,102,637,1318,202,6,0,,
UT,1979,5,28,78,194,1179,3673,336,7,0,,
AL,1979,13,28,109,263,1287,2223,320,8,0,,
IN,1979,8,31,133,166,1170,2660,433,8,0,,
ME,1979,3,12,32,156,1148,2719,238,8,0,,
NC,1979,11,20,77,338,1297,2406,223,8,0,,
OK,1979,10,33,103,260,1475,2396,427,8,0,,
TN,1979,10,34,166,204,1295,1937,367,8,0,,
VA,1979,9,27,112,154,1083,2731,247,8,0,,
CT,1980,5,22,218,168,1701,3090,679,1,0,,
GA,1980,14,44,198,300,1699,2977,372,1,0,,
IL,1980,11,35,367,396,1560,3252,649,1,0,,
KS,1980,7,32,113,238,1521,3196,272,1,0,,
LA,1980,16,44,197,408,1524,2888,377,1,0,,
MD,1980,10,40,393,410,1698,3629,451,1,0,,
MN,1980,3,23,99,103,1246,3030,296,1,0,,
MO,1980,11,33,224,287,1669,2795,415,1,0,,
NJ,1980,7,31,304,263,1878,3189,730,1,0,,
NM,1980,13,43,128,431,1493,3521,351,1,0,,
NY,1980,13,31,641,345,2062,3060,760,1,0,,
OH,1980,8,34,224,232,1466,3040,427,1,0,,
RI,1980,4,17,119,268,1716,2964,844,1,0,,
SC,1980,11,37,118,493,1670,2803,306,1,0,,
TX,1980,17,47,209,278,1853,3181,558,1,0,,
VT,1980,2,29,39,109,1527,2988,295,1,0,,
AZ,1980,10,45,194,402,2155,4891,473,2,0,,
CA,1980,14,58,384,437,2317,3880,743,2,0,,
CO,1980,7,52,160,309,2031,4326,448,2,0,,
DE,1980,7,24,137,307,1631,4216,455,2,0,,
FL,1980,14,57,356,557,2507,4434,478,2,0,,
HI,1980,9,35,190,66,1847,4723,612,2,0,,
MI,1980,10,47,244,339,1741,3710,585,2,0,,
NV,1980,20,67,461,365,2907,4356,678,2,0,,
OR,1980,5,42,152,291,1748,4088,360,2,0,,
WA,1980,5,53,135,271,1862,4193,396,2,0,,
KY,1980,9,19,95,143,1041,1876,251,3,0,,
MS,1980,15,25,81,222,1179,1718,178,3,0,,
PA,1980,7,23,178,156,1039,1916,418,3,0,,
IA,1980,2,14,55,129,1080,3219,248,4,0,,
NE,1980,4,23,82,115,915,2922,244,4,0,,
WI,1980,3,15,71,94,1079,3291,245,4,0,,
DC,1980,31,69,1401,509,2560,4891,562,5,0,,
WV,1980,7,16,48,112,738,1430,200,6,0,,
MT,1980,4,21,34,164,951,3530,322,7,0,,
UT,1980,4,28,80,192,1322,3932,324,7,0,,
AL,1980,13,30,132,273,1527,2642,316,8,0,,
AR,1980,9,27,81,218,1119,2170,187,8,0,,
IN,1980,9,33,141,194,1313,2807,432,8,0,,
ME,1980,3,13,31,147,1183,2772,219,8,0,,
NC,1980,11,23,82,339,1423,2546,216,8,0,,
NH,1980,3,17,42,118,1313,2877,310,8,0,,
OK,1980,10,36,105,268,1693,2521,420,8,0,,
TN,1980,11,37,181,229,1501,2175,363,8,0,,
ND,1980,1,10,8,36,488,2242,179,9,0,,
CT,1981,5,22,246,175,1692,3095,603,1,0,,
GA,1981,17,42,196,292,1672,3074,335,1,0,,
IL,1981,11,32,373,376,1511,3201,611,1,0,,
KS,1981,6,31,110,223,1544,3236,255,1,0,,
LA,1981,16,41,202,379,1435,2833,362,1,0,,
MD,1981,10,39,424,414,1660,3577,434,1,0,,
NJ,1981,7,32,335,257,1733,3133,683,1,0,,
NY,1981,12,31,684,342,1992,3066,778,1,0,,
SC,1981,10,36,120,474,1596,2808,275,1,0,,
TX,1981,17,46,193,276,1870,3083,565,1,0,,
AZ,1981,8,38,178,352,2064,4564,410,2,0,,
CA,1981,13,56,388,406,2239,3816,673,2,0,,
CO,1981,8,46,160,319,2032,4376,414,2,0,,
DE,1981,7,28,141,333,1610,4140,430,2,0,,
FL,1981,15,56,349,545,2376,4242,450,2,0,,
HI,1981,5,35,148,60,1708,4157,430,2,0,,
MI,1981,9,47,257,328,1862,3715,635,2,0,,
NV,1981,18,65,458,356,2727,4373,595,2,0,,
OR,1981,4,42,181,252,1967,4251,340,2,0,,
WA,1981,5,50,130,262,1892,4083,319,2,0,,
KY,1981,8,21,101,159,1062,1945,235,3,0,,
MS,1981,13,26,81,185,1171,1881,181,3,0,,
PA,1981,6,22,187,157,1031,1911,369,3,0,,
SD,1981,2,12,18,74,635,2129,144,3,0,,
IA,1981,3,13,54,134,1067,3222,223,4,0,,
NE,1981,3,20,71,87,913,2876,208,4,0,,
VA,1981,9,27,133,153,1168,2980,202,4,0,,
WI,1981,3,16,69,100,1072,3290,217,4,0,,
DC,1981,35,65,1635,540,2647,5164,592,5,0,,
WV,1981,6,15,50,104,775,1480,188,6,0,,
AK,1981,15,102,115,384,1330,3959,691,7,0,,
UT,1981,3,28,85,182,1275,3882,294,7,0,,
AL,1981,12,26,126,306,1451,2693,284,8,0,,
AR,1981,9,25,77,199,1078,2221,187,8,0,,
ID,1981,4,21,38,220,1174,2860,214,8,0,,
IN,1981,7,30,129,176,1169,2690,339,8,0,,
MA,1981,4,27,271,327,1648,2560,999,8,0,,
ME,1981,3,13,33,147,1244,2610,194,8,0,,
NC,1981,9,23,81,324,1337,2549,198,8,0,,
NH,1981,3,16,36,92,1186,2748,241,8,0,,
OK,1981,9,35,115,267,1589,2403,418,8,0,,
TN,1981,10,38,172,193,1384,2181,334,8,0,,
IL,1982,9,30,347,389,1374,3093,599,1,0,,
MD,1982,10,37,361,442,1420,3351,392,1,0,,
NY,1982,11,29,611,339,1672,3025,781,1,0,,
TX,1982,16,45,220,296,1872,3284,570,1,0,,
AZ,1982,8,38,159,312,1883,4361,370,2,0,,
CO,1982,6,45,151,303,1749,4429,397,2,0,,
FL,1982,14,54,298,532,2035,4104,430,2,0,,
NM,1982,12,48,126,548,1629,3930,315,2,0,,
NV,1982,14,62,420,311,2413,4118,565,2,0,,
OR,1982,5,40,167,261,1790,4004,301,2,0,,
WA,1982,4,46,118,238,1680,3915,281,2,0,,
KY,1982,10,20,97,188,1029,1991,233,3,0,,
MS,1982,14,27,73,181,1184,1941,154,3,0,,
ND,1982,1,10,13,39,459,1987,140,3,0,,
PA,1982,6,21,175,159,901,1859,332,3,0,,
SD,1982,3,11,17,68,562,1865,118,3,0,,
MT,1982,4,15,33,173,844,3006,258,4,0,,
WI,1982,3,14,71,102,977,3089,183,4,0,,
WY,1982,9,27,34,234,883,3367,250,4,0,,
DC,1982,31,67,1448,578,2341,5299,648,5,0,,
WV,1982,5,16,50,104,718,1435,183,6,0,,
AK,1982,18,85,134,386,1188,3806,594,7,0,,
UT,1982,3,24,86,172,1107,3690,252,7,0,,
AL,1982,11,26,112,299,1256,2656,273,8,0,,
ID,1982,2,17,30,210,1032,2617,175,8,0,,
IN,1982,6,28,109,157,1089,2713,327,8,0,,
MA,1982,4,25,214,328,1422,2542,969,8,0,,
ME,1982,2,13,30,117,1047,2459,191,8,0,,
MN,1982,2,23,101,93,1182,2816,238,8,0,,
MO,1982,10,26,193,278,1391,2714,336,8,0,,
NC,1982,9,22,86,329,1309,2603,185,8,0,,
OH,1982,6,30,184,217,1310,2808,382,8,0,,
OK,1982,11,37,133,263,1604,2686,489,8,0,,
RI,1982,4,19,115,264,1400,2826,736,8,0,,
TN,1982,10,35,176,200,1289,2372,332,8,0,,
CA,1983,10,48,341,373,1829,3445,631,1,0,,
MI,1983,10,56,285,365,1692,3331,738,1,0,,
TX,1983,14,40,189,268,1668,3203,525,1,0,,
AZ,1983,7,42,132,313,1669,3872,357,2,0,,
CO,1983,6,42,126,302,1532,4246,373,2,0,,
FL,1983,11,48,263,504,1797,3753,405,2,0,,
OR,1983,4,40,170,273,1746,3715,303,2,0,,
WA,1983,5,45,105,217,1640,3813,253,2,0,,
AR,1983,8,25,69,196,961,2068,174,3,0,,
KY,1983,10,22,87,203,977,1920,215,3,0,,
MS,1983,11,24,64,182,1024,1762,142,3,0,,
ND,1983,2,13,8,31,436,2056,129,3,0,,
PA,1983,5,21,172,145,811,1727,315,3,0,,
SD,1983,2,17,16,85,546,1779,103,3,0,,
MT,1983,4,20,24,166,908,3295,229,4,0,,
WI,1983,3,18,72,98,884,2977,204,4,0,,
DC,1983,29,65,1236,585,2004,4720,635,5,0,,
WV,1983,5,13,44,109,685,1381,182,6,0,,
AK,1983,14,101,97,401,1194,3567,644,7,0,,
HI,1983,6,29,130,87,1333,3804,420,7,0,,
UT,1983,3,25,64,163,1016,3610,236,7,0,,
CT,1983,4,20,201,150,1274,2850,479,8,0,,
GA,1983,8,35,144,269,1267,2502,280,8,0,,
KS,1983,6,26,84,211,1168,2834,201,8,0,,
MA,1983,4,26,208,339,1254,2322,859,8,0,,
MN,1983,2,22,80,87,1076,2559,209,8,0,,
MO,1983,8,27,168,274,1217,2518,318,8,0,,
NC,1983,8,22,80,300,1190,2418,167,8,0,,
NJ,1983,5,30,269,248,1237,2769,604,8,0,,
OH,1983,6,32,159,201,1156,2607,345,8,0,,
OK,1983,8,38,129,249,1509,2550,447,8,0,,
RI,1983,3,17,113,223,1332,2666,652,8,0,,
SC,1983,10,35,105,467,1295,2620,240,8,0,,
VT,1983,4,41,28,60,1090,2723,187,8,0,,
NE,1983,3,21,50,144,777,2632,161,9,0,,
CA,1984,11,46,328,380,1729,3346,630,1,0,,
LA,1984,13,42,191,433,1226,2899,308,1,0,,
MI,1984,10,65,307,379,1644,3286,866,1,0,,
NV,1984,11,61,279,278,1978,3459,496,1,0,,
AZ,1984,8,43,131,334,1714,3885,385,2,0,,
CO,1984,6,39,114,299,1561,4055,397,2,0,,
FL,1984,12,51,276,530,1808,3719,427,2,0,,
OR,1984,5,45,169,288,1823,3618,296,2,0,,
WA,1984,5,50,121,231,1702,3746,247,2,0,,
KY,1984,7,22,71,178,785,1715,180,3,0,,
MS,1984,10,28,61,184,980,1653,145,3,0,,
ND,1984,1,13,8,32,399,2020,111,3,0,,
PA,1984,5,23,148,144,744,1655,340,3,0,,
SD,1984,2,27,15,104,500,1856,109,3,0,,
DE,1984,4,49,116,267,1089,3221,260,4,0,,
MT,1984,4,21,27,185,858,3286,271,4,0,,
WI,1984,2,17,66,111,834,2907,235,4,0,,
WV,1984,4,16,38,110,648,1347,173,6,0,,
AK,1984,12,92,109,409,1237,3628,629,7,0,,
HI,1984,3,30,116,82,1214,3689,350,7,0,,
UT,1984,3,20,58,163,858,3437,227,7,0,,
CT,1984,4,24,191,175,1129,2683,423,8,0,,
IL,1984,9,31,304,381,1173,2820,586,8,0,,
KS,1984,4,27,72,232,1049,2749,207,8,0,,
MA,1984,4,28,175,317,1100,2125,840,8,0,,
MD,1984,8,38,301,445,1184,2841,397,8,0,,
MN,1984,2,25,71,113,991,2432,207,8,0,,
MO,1984,7,26,141,286,1115,2391,330,8,0,,
NC,1984,9,22,75,299,1131,2331,178,8,0,,
NY,1984,10,32,507,366,1257,2755,651,8,0,,
OH,1984,5,35,146,200,1050,2475,363,8,0,,
RI,1984,3,21,113,197,1185,2563,692,8,0,,
SC,1984,9,40,103,472,1232,2568,239,8,0,,
VT,1984,2,20,23,100,1016,2652,155,8,0,,
IN,1984,6,25,99,176,928,2345,351,9,0,,
ME,1984,2,13,26,117,888,2319,161,9,0,,
NE,1984,3,24,43,156,644,2483,144,9,0,,
VA,1984,8,27,102,159,842,2463,183,9,0,,
CA,1985,11,43,328,384,1701,3379,672,1,0,,
GA,1985,10,43,164,289,1357,2877,369,1,0,,
LA,1985,11,40,190,453,1324,3163,382,1,0,,
MI,1985,11,68,292,363,1527,3277,828,1,0,,
NV,1985,10,60,275,322,1850,3562,496,1,0,,
OK,1985,8,38,107,270,1612,2824,567,1,0,,
AZ,1985,8,46,147,402,1870,4259,386,2,0,,
CO,1985,6,41,124,300,1748,4267,433,2,0,,
DC,1985,23,54,835,712,1598,3973,803,2,0,,
FL,1985,11,53,312,565,2010,4098,526,2,0,,
NM,1985,11,50,138,505,1754,3683,346,2,0,,
OR,1985,5,51,186,310,1886,3935,358,2,0,,
TX,1985,13,51,194,292,1770,3640,608,2,0,,
WA,1985,5,55,132,233,1811,4003,289,2,0,,
KY,1985,7,22,76,201,771,1677,193,3,0,,
MS,1985,11,27,63,171,1022,1817,156,3,0,,
ND,1985,1,7,6,32,427,2087,118,3,0,,
PA,1985,5,24,147,155,738,1641,328,3,0,,
SD,1985,2,24,17,94,546,1856,102,3,0,,
DE,1985,5,48,124,257,1097,3157,273,4,0,,
MT,1985,6,19,21,162,827,3238,275,4,0,,
WI,1985,3,18,70,116,796,2793,222,4,0,,
WY,1985,4,22,20,210,691,2894,174,4,0,,
WV,1985,4,19,38,106,618,1301,167,6,0,,
AK,1985,10,77,93,402,1192,3497,606,7,0,,
HI,1985,4,29,99,87,1154,3544,283,7,0,,
UT,1985,3,23,55,186,943,3870,237,7,0,,
AL,1985,10,27,105,315,1035,2191,259,8,0,,
CT,1985,4,24,190,184,1136,2726,441,8,0,,
MA,1985,3,30,188,316,1120,2234,865,8,0,,
MO,1985,8,29,148,319,1099,2399,365,8,0,,
NC,1985,8,24,78,311,1151,2359,191,8,0,,
OH,1985,5,37,133,206,977,2476,353,8,0,,
RI,1985,4,26,116,201,1232,2492,653,8,0,,
TN,1985,9,43,181,242,1167,2040,485,8,0,,
VT,1985,3,19,21,104,974,2603,164,8,0,,
IN,1985,6,24,92,188,915,2362,329,9,0,,
ME,1985,2,14,24,126,911,2428,165,9,0,,
NE,1985,3,23,49,163,730,2570,156,9,0,,
NH,1985,2,19,27,93,762,2150,199,9,0,,
VA,1985,7,27,100,160,785,2503,197,9,0,,
CA,1986,11,45,343,521,1696,3384,762,1,0,,
GA,1986,11,44,214,319,1453,2984,430,1,0,,
LA,1986,13,40,224,482,1461,3417,442,1,0,,
MD,1986,9,44,304,476,1246,2978,545,1,0,,
MI,1986,11,67,301,424,1509,3378,800,1,0,,
NV,1986,13,65,287,355,1604,3489,478,1,0,,
NY,1986,11,30,514,431,1221,2924,637,1,0,,
OK,1986,8,36,107,285,1787,3142,649,1,0,,
SC,1986,9,41,99,525,1340,2846,277,1,0,,
AZ,1986,9,43,169,437,1908,4337,419,2,0,,
CO,1986,7,42,145,329,1792,4231,486,2,0,,
DC,1986,31,52,754,668,1728,4131,975,2,0,,
FL,1986,12,53,367,605,2221,4373,598,2,0,,
NM,1986,11,47,130,538,1845,3712,343,2,0,,
OR,1986,7,51,206,286,1967,4163,402,2,0,,
TX,1986,14,52,240,354,2049,3987,714,2,0,,
WA,1986,5,53,135,244,1861,4267,315,2,0,,
KY,1986,7,23,83,222,824,1740,193,3,0,,
MS,1986,11,26,65,172,1076,1845,150,3,0,,
ND,1986,1,12,7,32,385,2049,120,3,0,,
PA,1986,6,25,152,176,735,1654,354,3,0,,
SD,1986,4,18,16,87,554,1939,99,3,0,,
DE,1986,5,57,124,241,1042,3090,272,4,0,,
IA,1986,2,12,42,179,956,2801,158,4,0,,
ID,1986,3,20,21,178,1003,2800,181,4,0,,
KS,1986,4,33,80,252,1188,3008,258,4,0,,
MN,1986,2,32,102,148,1004,2785,288,4,0,,
MT,1986,3,17,20,118,793,3314,215,4,0,,
WI,1986,3,20,73,162,783,2802,254,4,0,,
WY,1986,5,22,22,243,817,3078,169,4,0,,
WV,1986,6,19,41,99,625,1358,169,6,0,,
AK,1986,9,73,88,401,1162,3910,604,7,0,,
HI,1986,5,31,106,103,1339,3759,328,7,0,,
UT,1986,3,25,59,180,915,4074,223,7,0,,
AL,1986,10,28,112,408,1159,2304,267,8,0,,
AR,1986,8,29,80,278,1030,2305,195,8,0,,
CT,1986,5,24,192,205,1198,2758,447,8,0,,
MA,1986,4,30,193,331,1071,2189,907,8,0,,
MO,1986,9,29,170,370,1136,2500,439,8,0,,
NC,1986,8,26,88,354,1225,2423,208,8,0,,
OH,1986,6,39,142,235,988,2574,376,8,0,,
RI,1986,3,21,119,192,1294,2568,705,8,0,,
TN,1986,10,47,208,274,1325,2126,544,8,0,,
VT,1986,2,22,22,103,949,2697,181,8,0,,
ME,1986,2,15,28,102,803,2347,164,9,0,,
NH,1986,2,22,24,92,755,2208,228,9,0,,
VA,1986,7,26,106,167,813,2522,220,9,0,,
CA,1987,11,44,301,562,1518,3240,830,1,0,,
GA,1987,12,43,209,312,1552,3171,492,1,0,,
LA,1987,11,36,179,467,1445,3323,413,1,0,,
MD,1987,10,40,290,428,1162,2965,582,1,0,,
MI,1987,12,67,277,424,1452,3473,752,1,0,,
NV,1987,8,62,272,353,1629,3491,555,1,0,,
NY,1987,11,31,503,462,1216,3025,703,1,0,,
OK,1987,7,36,110,265,1783,3220,605,1,0,,
SC,1987,9,44,101,511,1358,2858,281,1,0,,
AZ,1987,7,41,138,425,1626,4527,423,2,0,,
FL,1987,11,50,357,606,2257,4545,677,2,0,,
NM,1987,10,43,108,467,1788,3785,346,2,0,,
OR,1987,6,46,196,292,1783,4182,465,2,0,,
TX,1987,12,48,227,345,2118,4238,735,2,0,,
WA,1987,6,52,141,240,1905,4278,395,2,0,,
KY,1987,8,21,90,219,847,1892,193,3,0,,
MS,1987,10,29,57,173,1201,1807,161,3,0,,
ND,1987,1,9,8,38,455,2198,123,3,0,,
PA,1987,5,26,144,193,722,1723,349,3,0,,
SD,1987,2,21,12,85,534,1928,96,3,0,,
DE,1987,5,68,123,235,1020,3176,312,4,0,,
IA,1987,2,12,36,181,918,2840,151,4,0,,
KS,1987,4,33,82,242,1138,3152,253,4,0,,
MN,1987,3,34,103,146,1069,2960,301,4,0,,
MT,1987,4,20,24,103,806,3404,238,4,0,,
NE,1987,3,22,47,179,848,2866,166,4,0,,
NJ,1987,5,33,233,270,1009,2866,845,4,0,,
WI,1987,3,20,66,160,843,2830,247,4,0,,
WY,1987,2,31,20,230,718,2892,139,4,0,,
WV,1987,5,23,31,79,604,1288,162,6,0,,
HI,1987,5,36,98,124,1156,4033,366,7,0,,
UT,1987,3,22,53,152,951,4228,210,7,0,,
AL,1987,9,28,112,410,1198,2431,263,8,0,,
AR,1987,8,33,79,293,1078,2549,207,8,0,,
CT,1987,5,25,178,211,1218,2829,529,8,0,,
IN,1987,6,29,89,205,947,2490,355,8,0,,
MA,1987,3,32,177,353,1060,2185,924,8,0,,
MO,1987,8,29,164,343,1111,2625,426,8,0,,
NC,1987,8,29,94,353,1356,2586,224,8,0,,
OH,1987,6,40,153,222,1063,2709,383,8,0,,
RI,1987,4,24,108,224,1441,2701,784,8,0,,
TN,1987,9,44,194,287,1352,2213,567,8,0,,
VT,1987,3,22,17,95,1110,2826,199,8,0,,
ME,1987,3,16,26,108,771,2436,173,9,0,,
NH,1987,3,27,26,93,695,2311,217,9,0,,
CA,1988,10,42,306,572,1447,3315,944,1,0,,
LA,1988,12,39,209,458,1444,3148,451,1,0,,
MI,1988,11,69,241,420,1315,3287,741,1,0,,
NY,1988,13,31,544,510,1218,3134,860,1,0,,
OK,1988,7,38,105,284,1643,2955,556,1,0,,
SC,1988,9,43,125,564,1416,2950,305,1,0,,
AZ,1988,8,39,137,426,1580,4822,459,2,0,,
FL,1988,11,50,403,653,2294,4761,765,2,0,,
NM,1988,11,38,103,505,1837,3721,390,2,0,,
TX,1988,12,48,234,358,2157,4408,800,2,0,,
WA,1988,6,57,146,258,1856,4358,433,2,0,,
KY,1988,6,22,74,227,826,1793,186,3,0,,
MS,1988,9,36,77,203,1281,1820,166,3,0,,
ND,1988,2,11,8,38,438,2113,119,3,0,,
PA,1988,5,25,138,194,697,1691,427,3,0,,
SD,1988,3,27,12,72,518,1854,96,3,0,,
AK,1988,6,58,73,387,842,3102,455,4,0,,
DE,1988,5,74,119,253,1041,3004,303,4,0,,
IA,1988,2,16,40,200,854,2803,162,4,0,,
MN,1988,3,31,95,161,910,2776,339,4,0,,
MT,1988,3,17,23,81,704,3224,216,4,0,,
NE,1988,4,24,56,189,765,2913,189,4,0,,
VA,1988,8,27,113,152,818,2758,302,4,0,,
WI,1988,3,20,67,124,729,2759,269,4,0,,
WY,1988,3,24,15,272,659,2852,143,4,0,,
DC,1988,60,27,918,918,1984,4617,1392,5,0,,
WV,1988,5,19,34,74,611,1335,162,6,0,,
CO,1988,6,39,99,330,1383,3901,422,7,0,,
UT,1988,3,24,54,163,881,4239,216,7,0,,
AL,1988,10,30,118,401,1234,2503,267,8,0,,
AR,1988,9,32,84,298,1092,2492,213,8,0,,
CT,1988,5,26,188,236,1218,2810,614,8,0,,
ID,1988,4,18,20,193,870,2692,176,8,0,,
IN,1988,6,31,89,254,935,2481,354,8,0,,
MA,1988,4,32,176,408,1061,2418,893,8,0,,
MO,1988,8,29,168,347,1140,2717,434,8,0,,
RI,1988,4,30,115,247,1261,2718,828,8,0,,
TN,1988,9,45,174,305,1238,2156,543,8,0,,
VT,1988,2,23,16,101,1097,2804,197,8,0,,
ME,1988,3,19,26,110,817,2399,205,9,0,,
NH,1988,2,25,21,99,683,2276,228,9,0,,
CA,1989,11,41,332,594,1412,3347,1027,1,0,,
KS,1989,5,36,100,259,1189,3096,297,1,0,,
LA,1989,15,38,237,491,1465,3474,521,1,0,,
MI,1989,11,71,222,405,1225,3312,723,1,0,,
NC,1989,9,30,133,374,1503,2919,285,1,0,,
NY,1989,13,29,579,510,1176,3033,953,1,0,,
OK,1989,7,38,126,321,1564,2862,586,1,0,,
SC,1989,9,46,130,628,1393,3071,342,1,0,,
AZ,1989,7,36,139,418,1667,5106,687,2,0,,
FL,1989,11,50,404,645,2283,4607,806,2,0,,
GA,1989,13,49,271,403,1712,3971,654,2,0,,
NM,1989,9,46,105,544,1711,3809,350,2,0,,
TX,1989,12,47,223,377,2015,4365,889,2,0,,
KY,1989,8,25,76,248,819,1921,220,3,0,,
PA,1989,6,25,150,198,714,1799,469,3,0,,
SD,1989,1,32,12,90,475,1966,109,3,0,,
AK,1989,8,53,68,369,827,3000,455,4,0,,
DE,1989,5,85,139,328,902,3015,391,4,0,,
IA,1989,2,16,39,209,847,2810,158,4,0,,
MN,1989,3,31,95,160,897,2818,380,4,0,,
MT,1989,3,18,17,78,692,2964,226,4,0,,
NE,1989,2,24,52,201,745,2880,186,4,0,,
OH,1989,6,45,171,247,1018,2811,435,4,0,,
VA,1989,8,27,106,171,757,2831,311,4,0,,
WI,1989,4,20,75,123,733,2877,332,4,0,,
WY,1989,4,28,17,209,632,2862,137,4,0,,
DC,1989,72,31,1083,956,1950,4828,1373,5,0,,
WV,1989,7,19,43,79,627,1433,157,6,0,,
CO,1989,4,36,90,341,1250,3865,453,7,0,,
OR,1989,5,47,152,315,1425,3677,540,7,0,,
UT,1989,3,29,53,175,897,4289,238,7,0,,
AL,1989,10,31,134,416,1147,2593,298,8,0,,
AR,1989,8,38,111,316,1194,2622,266,8,0,,
CT,1989,6,28,215,264,1236,2824,698,8,0,,
MA,1989,4,32,203,436,1066,2485,911,8,0,,
MO,1989,8,31,195,399,1136,2835,524,8,0,,
RI,1989,5,27,112,234,1207,2716,924,8,0,,
TN,1989,8,46,160,334,1207,2225,533,8,0,,
ME,1989,3,19,24,91,803,2460,183,9,0,,
NH,1989,3,30,24,112,737,2447,244,9,0,,
CA,1990,12,43,377,614,1345,3198,1016,1,0,,
IL,1990,10,39,394,524,1063,3262,643,1,0,,
KS,1990,4,40,118,286,1167,3244,335,1,0,,
LA,1990,17,42,270,569,1438,3549,602,1,0,,
MD,1990,12,46,364,498,1120,3083,709,1,0,,
MI,1990,10,78,234,468,1143,3347,714,1,0,,
NC,1990,11,34,152,426,1530,3048,284,1,0,,
NV,1990,10,62,238,291,1367,3503,593,1,0,,
NY,1990,14,30,625,512,1161,2979,1043,1,0,,
OK,1990,8,47,122,370,1447,3002,602,1,0,,
SC,1990,11,54,152,759,1380,3302,386,1,0,,
AZ,1990,8,41,161,443,1670,4703,864,2,0,,
FL,1990,11,52,417,764,2171,4570,826,2,0,,
NM,1990,9,50,115,606,1739,3828,337,2,0,,
TX,1990,14,52,261,435,1852,4305,909,2,0,,
KY,1990,7,29,69,285,767,1943,199,3,0,,
PA,1990,7,26,176,222,729,1811,506,3,0,,
IA,1990,2,18,39,240,808,2823,170,4,0,,
ID,1990,3,27,15,231,813,2803,166,4,0,,
IN,1990,6,38,101,328,943,2827,439,4,0,,
MN,1990,3,34,93,177,907,2960,366,4,0,,
MT,1990,5,24,22,108,709,3391,243,4,0,,
NE,1990,3,30,51,246,724,2981,178,4,0,,
NJ,1990,6,30,301,311,1017,2843,940,4,0,,
OH,1990,6,47,189,265,983,2864,491,4,0,,
VA,1990,9,31,123,188,731,3031,328,4,0,,
WI,1990,5,21,113,127,751,2963,417,4,0,,
WY,1990,5,30,16,251,631,3129,149,4,0,,
DC,1990,78,50,1214,1117,1983,4997,1336,5,0,,
WV,1990,6,24,38,102,657,1523,154,6,0,,
CO,1990,4,46,91,385,1209,3891,428,7,0,,
HI,1990,4,32,91,153,1228,4217,381,7,0,,
OR,1990,4,47,144,312,1135,3545,459,7,0,,
UT,1990,3,38,57,186,881,4258,238,7,0,,
WA,1990,5,64,130,303,1263,4011,447,7,0,,
CT,1990,5,28,235,286,1228,2874,731,8,0,,
MA,1990,4,34,217,481,1113,2525,924,8,0,,
MO,1990,9,32,216,458,1066,2800,539,8,0,,
MS,1990,12,44,86,198,1251,2070,208,8,0,,
RI,1990,5,25,122,280,1271,2695,954,8,0,,
TN,1990,10,50,191,419,1264,2545,572,8,0,,
ND,1990,1,18,8,47,427,2289,133,9,0,,
NH,1990,2,35,27,68,735,2534,244,9,0,,
CA,1991,13,42,411,624,1398,3246,1039,1,0,,
IL,1991,11,40,456,532,1120,3318,655,1,0,,
KS,1991,6,45,138,310,1307,3377,351,1,0,,
LA,1991,17,41,279,614,1412,3489,573,1,0,,
MD,1991,12,46,407,492,1158,3365,731,1,0,,
NC,1991,11,35,178,434,1692,3239,299,1,0,,
NV,1991,12,66,312,287,1404,3565,652,1,0,,
OK,1991,7,51,129,397,1478,3050,557,1,0,,
SC,1991,11,59,171,731,1455,3365,387,1,0,,
AZ,1991,8,42,166,455,1607,4266,861,2,0,,
FL,1991,9,52,400,723,2006,4573,784,2,0,,
TX,1991,15,53,286,485,1802,4232,944,2,0,,
KY,1991,7,35,83,313,797,1909,215,3,0,,
PA,1991,6,29,194,221,720,1907,482,3,0,,
IA,1991,2,21,45,235,832,2828,171,4,0,,
ID,1991,2,29,21,239,826,2901,178,4,0,,
IN,1991,8,41,116,340,977,2871,465,4,0,,
MN,1991,3,40,98,175,854,2963,363,4,0,,
NE,1991,3,28,54,249,727,3080,213,4,0,,
VA,1991,9,30,138,196,783,3113,339,4,0,,
WI,1991,5,25,119,128,752,3001,436,4,0,,
WY,1991,3,26,17,264,692,3232,155,4,0,,
DC,1991,81,36,1216,1121,2074,4880,1360,5,0,,
WV,1991,6,23,43,119,667,1631,175,6,0,,
AK,1991,7,92,113,402,979,3575,534,7,0,,
CO,1991,6,47,107,399,1158,3930,426,7,0,,
HI,1991,4,33,87,118,1234,4158,336,7,0,,
OR,1991,5,53,150,298,1176,3598,474,7,0,,
UT,1991,3,46,55,183,840,4240,241,7,0,,
WA,1991,4,70,146,303,1235,4102,445,7,0,,
CT,1991,6,29,224,280,1191,2838,796,8,0,,
MA,1991,4,32,195,505,1167,2501,919,8,0,,
MO,1991,11,34,251,467,1253,2841,559,8,0,,
MS,1991,13,46,116,214,1332,2214,286,8,0,,
RI,1991,4,31,123,304,1127,2656,794,8,0,,
TN,1991,11,46,213,456,1365,2662,614,8,0,,
ND,1991,1,18,8,38,373,2229,127,9,0,,
CA,1992,13,41,424,642,1385,3138,1037,1,0,,
MD,1992,12,46,429,513,1131,3367,726,1,0,,
NC,1992,11,36,187,448,1653,3182,287,1,0,,
NM,1992,9,63,139,724,1511,3610,378,1,0,,
NV,1992,11,63,331,292,1289,3520,697,1,0,,
OK,1992,7,48,136,432,1360,2932,517,1,0,,
SC,1992,10,58,171,706,1379,3225,345,1,0,,
AZ,1992,8,43,153,467,1412,4125,822,2,0,,
FL,1992,9,54,367,777,1889,4434,828,2,0,,
KY,1992,6,32,87,410,729,1843,217,3,0,,
NH,1992,2,38,33,53,622,2138,195,3,0,,
PA,1992,6,28,181,212,631,1867,468,3,0,,
SD,1992,1,52,17,125,541,2162,101,3,0,,
DE,1992,5,86,151,380,958,2964,306,4,0,,
IN,1992,8,42,122,336,952,2776,450,4,0,,
MI,1992,10,80,221,459,1041,3174,626,4,0,,
MN,1992,3,41,110,184,890,3008,355,4,0,,
NE,1992,4,31,57,256,715,3060,201,4,0,,
VA,1992,9,31,138,197,709,2909,306,4,0,,
WI,1992,4,26,120,125,692,2920,432,4,0,,
WY,1992,4,35,18,263,671,3434,150,4,0,,
DC,1992,75,37,1266,1455,1820,5206,1548,5,0,,
WV,1992,6,22,43,140,623,1611,164,6,0,,
AK,1992,7,99,109,445,881,3531,497,7,0,,
CO,1992,6,47,120,405,1091,3780,509,7,0,,
GA,1992,11,45,250,427,1443,3653,576,7,0,,
HI,1992,4,38,99,118,1121,4357,375,7,0,,
MT,1992,3,25,27,115,644,3549,233,7,0,,
OR,1992,5,53,151,301,1107,3671,534,7,0,,
UT,1992,3,45,56,186,885,4245,238,7,0,,
WA,1992,5,72,140,318,1122,4045,472,7,0,,
AL,1992,11,41,165,655,1186,2848,362,8,0,,
AR,1992,11,41,126,399,1093,2763,329,8,0,,
CT,1992,5,27,211,252,1109,2727,722,8,0,,
MA,1992,4,36,184,555,1072,2361,791,8,0,,
MO,1992,11,36,227,466,1100,2759,497,8,0,,
MS,1992,12,45,125,230,1283,2251,337,8,0,,
NJ,1992,5,31,285,305,969,2654,816,8,0,,
NY,1992,13,28,597,484,1068,2736,932,8,0,,
OH,1992,7,52,199,268,947,2721,471,8,0,,
RI,1992,4,31,95,265,1048,2393,743,8,0,,
TN,1992,10,47,218,470,1267,2546,576,8,0,,
ME,1992,2,24,23,82,822,2426,144,9,0,,
CA,1993,13,38,405,622,1327,3029,1023,1,0,,
MD,1993,13,44,435,506,1133,3292,683,1,0,,
NC,1993,11,34,192,441,1516,3169,289,1,0,,
NM,1993,8,52,138,731,1421,3510,405,1,0,,
NV,1993,10,61,340,464,1245,3322,738,1,0,,
OK,1993,8,49,122,455,1235,2944,481,1,0,,
SC,1993,10,52,187,773,1309,3227,344,1,0,,
AZ,1993,9,38,163,506,1466,4387,864,2,0,,
FL,1993,9,54,358,786,1835,4414,896,2,0,,
KY,1993,7,34,90,331,740,1841,216,3,0,,
ND,1993,2,23,8,49,373,2216,149,3,0,,
NH,1993,2,44,27,64,515,2058,194,3,0,,
PA,1993,7,27,179,205,582,1832,440,3,0,,
DE,1993,5,77,187,417,892,2979,315,4,0,,
IL,1993,11,35,381,533,1016,3084,559,4,0,,
IN,1993,8,39,120,323,852,2696,428,4,0,,
KS,1993,6,40,124,326,1132,3024,323,4,0,,
MI,1993,10,71,238,472,983,3063,615,4,0,,
MN,1993,3,62,113,176,845,2872,343,4,0,,
NE,1993,4,28,62,284,663,2913,327,4,0,,
VA,1993,8,32,142,190,668,2790,286,4,0,,
WY,1993,3,34,17,231,643,3079,155,4,0,,
DC,1993,79,56,1230,1558,1996,5449,1395,5,0,,
WV,1993,7,20,43,138,599,1564,162,6,0,,
AK,1993,9,84,122,546,817,3539,451,7,0,,
CO,1993,6,46,117,399,1010,3499,450,7,0,,
GA,1993,11,35,248,428,1307,3569,594,7,0,,
LA,1993,20,42,284,715,1368,3803,614,7,0,,
MT,1993,3,28,32,114,714,3652,246,7,0,,
OR,1993,5,51,130,318,1025,3657,581,7,0,,
UT,1993,3,45,59,195,791,3903,242,7,0,,
WA,1993,5,64,137,308,1067,3914,456,7,0,,
AR,1993,10,42,125,416,1099,2796,323,8,0,,
CT,1993,6,24,197,229,978,2621,596,8,0,,
MS,1993,14,43,139,238,1286,2364,335,8,0,,
NJ,1993,5,28,296,297,974,2486,714,8,0,,
NY,1993,13,28,561,472,999,2644,835,8,0,,
OH,1993,6,49,193,256,878,2668,435,8,0,,
TN,1993,10,50,220,486,1183,2700,591,8,0,,
IA,1993,2,24,54,245,731,2599,191,9,0,,
ME,1993,2,27,21,76,719,2175,134,9,0,,
NC,1994,11,33,181,430,1473,3196,302,1,0,,
NM,1994,11,52,141,685,1327,3467,505,1,0,,
NV,1994,12,69,352,569,1354,3562,759,1,0,,
OK,1994,7,50,128,467,1251,3193,475,1,0,,
SC,1994,10,54,186,780,1274,3337,360,1,0,,
TX,1994,11,50,205,441,1168,3395,603,1,0,,
AZ,1994,10,36,162,495,1476,4679,1067,2,0,,
FL,1994,8,52,329,757,1701,4491,912,2,0,,
HI,1994,4,30,104,124,1190,4687,541,2,0,,
KY,1994,6,35,94,308,750,1919,224,3,0,,
NH,1994,1,36,27,53,464,1958,203,3,0,,
PA,1994,6,26,187,208,552,1844,449,3,0,,
AL,1994,12,35,171,465,1044,2843,332,4,0,,
DE,1994,5,77,162,401,878,2950,417,4,0,,
ID,1994,4,28,18,236,719,2877,195,4,0,,
IL,1994,12,33,373,543,1005,3096,564,4,0,,
IN,1994,8,36,130,351,851,2782,435,4,0,,
KS,1994,7,41,115,280,1121,2955,328,4,0,,
MI,1994,10,71,229,457,967,3056,656,4,0,,
MN,1994,3,60,118,179,792,2876,314,4,0,,
MO,1994,10,37,231,465,1053,2999,512,4,0,,
NE,1994,3,31,75,280,675,2991,384,4,0,,
VA,1994,9,29,133,188,639,2772,279,4,0,,
WY,1994,3,34,17,219,651,3205,162,4,0,,
DC,1994,70,44,1107,1442,1761,5212,1449,5,0,,
WV,1994,5,20,42,148,586,1547,180,6,0,,
AK,1994,6,69,146,545,800,3601,540,7,0,,
CO,1994,5,43,107,354,926,3490,393,7,0,,
GA,1994,10,35,223,400,1154,3632,557,7,0,,
LA,1994,20,45,267,650,1279,3803,608,7,0,,
MT,1994,3,27,33,114,722,3834,286,7,0,,
OR,1994,5,43,138,334,1101,3970,705,7,0,,
UT,1994,3,42,64,196,791,3907,298,7,0,,
WA,1994,6,60,140,306,1044,3972,501,7,0,,
CT,1994,7,25,188,236,890,2587,616,8,0,,
MS,1994,15,45,163,271,1292,2646,405,8,0,,
NJ,1994,5,25,288,296,912,2475,660,8,0,,
OH,1994,6,47,188,245,866,2682,427,8,0,,
TN,1994,9,49,207,482,1142,2670,560,8,0,,
MA,1994,4,30,168,506,881,2151,701,9,0,,
ME,1994,2,26,22,80,721,2279,143,9,0,,
SD,1994,1,42,19,165,546,2207,121,9,0,,
VT,1994,1,28,12,56,737,2268,149,9,0,,
WI,1994,4,23,113,130,646,2667,361,9,0,,
NC,1995,9,32,179,426,1418,3265,311,1,0,,
NV,1995,11,61,325,549,1323,3566,745,1,0,,
OK,1995,12,45,116,492,1272,3164,496,1,0,,
SC,1995,8,47,176,751,1255,3442,385,1,0,,
FL,1995,7,49,300,715,1522,4322,786,2,0,,
KY,1995,7,32,104,222,735,1992,259,3,0,,
NH,1995,2,29,27,56,419,1977,145,3,0,,
PA,1995,6,25,189,206,562,1963,413,3,0,,
AL,1995,11,32,186,404,1025,2844,347,4,0,,
AR,1995,10,37,126,380,997,2815,325,4,0,,
DE,1995,3,80,199,443,905,3114,414,4,0,,
ID,1995,4,28,24,266,780,3058,242,4,0,,
IL,1995,10,36,331,618,918,3019,523,4,0,,
IN,1995,8,33,135,348,822,2820,466,4,0,,
KS,1995,6,37,108,270,1068,3074,324,4,0,,
MI,1995,8,62,187,430,910,2940,646,4,0,,
MN,1995,4,56,124,172,797,3002,342,4,0,,
MO,1995,9,32,204,419,933,3051,473,4,0,,
NE,1995,3,19,65,295,632,3179,351,4,0,,
VA,1995,8,27,132,195,595,2740,293,4,0,,
WY,1995,2,34,18,200,612,3286,168,4,0,,
DC,1995,65,53,1239,1305,1838,5834,1840,5,0,,
WV,1995,5,21,43,141,565,1517,166,6,0,,
CO,1995,6,39,96,299,934,3634,388,7,0,,
GA,1995,9,35,205,407,1060,3678,608,7,0,,
LA,1995,17,43,269,679,1232,3838,598,7,0,,
MD,1995,12,42,423,510,1058,3533,718,7,0,,
MT,1995,4,27,29,112,582,3770,275,7,0,,
OR,1995,4,42,138,339,1103,4237,702,7,0,,
UT,1995,4,43,67,215,801,4572,389,7,0,,
WA,1995,5,59,133,287,1091,4140,554,7,0,,
CA,1995,11,33,331,590,1120,2857,888,8,0,,
MS,1995,13,39,131,320,1131,2520,361,8,0,,
TN,1995,11,47,223,491,1143,2800,649,8,0,,
ME,1995,2,21,27,81,726,2292,135,9,0,,
NY,1995,9,24,400,410,808,2344,566,9,0,,
WI,1995,4,23,105,148,613,2628,364,9,0,,
NC,1996,8,31,164,385,1346,3257,336,1,0,,
NV,1996,14,53,308,437,1220,3262,698,1,0,,
OK,1996,7,47,107,437,1256,3317,483,1,0,,
SC,1996,9,49,172,767,1284,3505,429,1,0,,
FL,1996,7,52,289,702,1521,4205,721,2,0,,
KY,1996,6,32,94,189,688,1896,261,3,0,,
MA,1996,3,29,128,483,704,1963,528,3,0,,
ND,1996,2,24,11,47,309,2086,190,3,0,,
NH,1996,2,35,27,54,436,2118,152,3,0,,
PA,1996,6,25,189,260,592,2080,404,3,0,,
VT,1996,2,27,15,77,673,2058,150,3,0,,
AK,1996,7,66,117,538,843,3387,493,4,0,,
AL,1996,10,33,167,356,1002,2887,366,4,0,,
AR,1996,9,42,114,360,953,2909,313,4,0,,
ID,1996,4,26,20,217,709,2849,188,4,0,,
IL,1996,10,38,279,563,913,3026,490,4,0,,
IN,1996,7,34,124,372,784,2753,425,4,0,,
MI,1996,8,57,176,395,895,2886,701,4,0,,
MN,1996,4,50,116,170,762,2977,385,4,0,,
MO,1996,8,29,171,383,894,3151,448,4,0,,
NE,1996,3,27,64,341,615,3046,342,4,0,,
OH,1996,5,41,164,218,835,2784,408,4,0,,
WY,1996,3,29,20,197,662,3203,139,4,0,,
DC,1996,73,48,1187,1162,1810,5780,1837,5,0,,
WV,1996,4,20,40,146,546,1550,177,6,0,,
GA,1996,9,32,205,393,1115,3928,629,7,0,,
HI,1996,3,28,136,114,1079,4620,605,7,0,,
LA,1996,18,41,277,593,1296,3982,632,7,0,,
NM,1996,12,64,162,603,1377,3803,582,7,0,,
OR,1996,4,40,122,297,988,4014,531,7,0,,
UT,1996,3,42,69,218,848,4377,429,7,0,,
WA,1996,5,51,119,256,1058,3899,522,7,0,,
CA,1996,9,32,296,526,979,2605,761,8,0,,
MS,1996,11,36,134,307,1132,2552,351,8,0,,
CT,1996,5,23,170,215,842,2484,489,9,0,,
IA,1996,2,20,45,206,665,2521,191,9,0,,
ME,1996,2,21,23,79,748,2378,143,9,0,,
NJ,1996,4,25,236,267,792,2428,581,9,0,,
NY,1996,7,23,340,357,714,2197,494,9,0,,
RI,1996,3,29,83,232,822,2360,464,9,0,,
WI,1996,4,21,97,131,588,2635,346,9,0,,
NC,1997,8,32,173,395,1347,3208,329,1,0,,
SC,1997,8,49,176,757,1232,3493,419,1,0,,
KY,1997,6,33,91,187,682,1880,248,3,0,,
MA,1997,2,27,109,506,662,1888,481,3,0,,
ND,1997,1,25,6,55,359,2085,180,3,0,,
NH,1997,1,34,23,55,393,1997,136,3,0,,
PA,1997,6,27,156,253,568,2054,368,3,0,,
AK,1997,9,66,106,520,702,3412,457,4,0,,
AL,1997,10,32,160,362,1014,2955,357,4,0,,
CO,1997,4,43,83,233,796,3077,414,4,0,,
IL,1997,9,37,278,537,870,2943,466,4,0,,
MD,1997,10,36,337,464,941,3264,602,4,0,,
MN,1997,3,52,115,168,753,2942,381,4,0,,
MO,1997,8,28,156,385,868,2878,491,4,0,,
MT,1997,5,19,20,87,569,3460,248,4,0,,
NE,1997,3,25,66,345,592,2919,334,4,0,,
OH,1997,5,41,159,231,849,2824,406,4,0,,
TX,1997,7,41,157,397,1034,3320,523,4,0,,
WY,1997,4,29,18,205,625,3166,135,4,0,,
DC,1997,57,41,851,1075,1316,5068,1431,5,0,,
WV,1997,4,20,43,152,586,1483,181,6,0,,
HI,1997,4,31,118,125,1073,4127,545,7,0,,
LA,1997,16,41,239,560,1239,3748,606,7,0,,
NM,1997,8,50,171,624,1452,3884,717,7,0,,
OR,1997,3,40,118,284,1033,4198,595,7,0,,
UT,1997,2,47,68,216,890,4327,444,7,0,,
WA,1997,4,51,120,265,1106,3811,568,7,0,,
MS,1997,13,39,137,280,1187,2632,342,8,0,,
CT,1997,4,23,153,212,738,2410,445,9,0,,
IA,1997,2,20,56,232,771,2500,234,9,0,,
RI,1997,3,37,72,223,718,2178,425,9,0,,
VA,1997,7,27,125,186,571,2679,281,9,0,,
WI,1997,4,20,101,145,571,2534,303,9,0,,
NC,1998,8,31,161,380,1325,3092,326,1,0,,
KY,1998,6,28,88,206,711,1829,248,3,0,,
MA,1998,2,27,97,495,607,1778,430,3,0,,
ME,1998,2,18,21,85,667,2127,121,3,0,,
ND,1998,1,33,10,45,356,2059,177,3,0,,
NJ,1998,4,20,186,230,671,2109,434,3,0,,
NY,1998,5,21,270,341,577,1999,375,3,0,,
PA,1998,5,27,165,224,531,1965,356,3,0,,
SD,1998,1,35,20,98,469,1898,103,3,0,,
AL,1998,8,33,131,340,964,2779,342,4,0,,
DE,1998,3,67,194,498,860,3313,428,4,0,,
GA,1998,8,30,187,347,991,3343,557,4,0,,
KS,1998,7,43,87,281,950,3246,259,4,0,,
MD,1998,10,33,299,454,923,3097,549,4,0,,
MO,1998,7,27,149,372,872,2948,450,4,0,,
NE,1998,3,25,78,346,634,2972,348,4,0,,
TX,1998,7,40,145,373,986,3072,489,4,0,,
WV,1998,4,19,37,188,613,1498,187,6,0,,
AZ,1998,8,31,165,374,1210,3922,865,7,0,,
FL,1998,6,50,243,640,1362,3887,699,7,0,,
LA,1998,13,37,198,532,1172,3605,542,7,0,,
UT,1998,3,42,66,204,813,4012,352,7,0,,
MS,1998,11,37,123,239,1145,2490,339,8,0,,
NV,1998,10,52,255,327,1138,2711,788,8,0,,
TN,1998,8,46,178,483,1076,2726,517,8,0,,
IA,1998,2,25,51,233,674,2307,209,9,0,,
IN,1998,8,33,111,279,789,2590,359,9,0,,
RI,1998,2,36,67,207,653,2165,388,9,0,,
VA,1998,6,27,106,187,561,2503,270,9,0,,
WI,1998,4,20,86,140,569,2453,272,9,0,,
NM,1999,10,54,148,622,1235,3426,467,1,0,,
CA,1999,6,28,181,412,675,1994,508,3,0,,
CT,1999,3,20,124,199,588,2111,344,3,0,,
KY,1999,5,29,78,196,636,1785,224,3,0,,
ME,1999,2,19,19,72,601,2026,135,3,0,,
NJ,1999,4,17,175,216,577,1977,434,3,0,,
NY,1999,5,20,241,323,512,1858,320,3,0,,
PA,1999,5,27,156,233,467,1899,327,3,0,,
VT,1999,3,23,11,77,596,1955,154,3,0,,
AL,1999,8,35,121,326,884,2737,301,4,0,,
DE,1999,3,70,198,463,696,3004,404,4,0,,
GA,1999,7,30,166,330,917,3182,515,4,0,,
KS,1999,6,40,77,259,824,3004,228,4,0,,
MD,1999,9,30,264,441,836,2848,492,4,0,,
MO,1999,7,26,131,337,777,2881,420,4,0,,
NE,1999,4,25,76,326,610,2742,327,4,0,,
OR,1999,3,37,86,249,807,3409,411,4,0,,
SC,1999,7,41,148,651,1020,3086,372,4,0,,
TX,1999,6,38,147,370,950,3063,459,4,0,,
WA,1999,3,47,101,226,949,3341,587,4,0,,
NH,1999,1,29,21,45,308,1765,113,6,0,,
WV,1999,4,19,37,291,570,1592,208,6,0,,
AZ,1999,8,29,153,362,1034,3510,800,7,0,,
DC,1999,46,48,644,889,976,4181,1282,7,0,,
MS,1999,8,42,112,188,1051,2381,489,8,0,,
TN,1999,7,44,157,487,937,2602,461,8,0,,
AK,1999,8,83,91,448,611,2688,429,9,0,,
AR,1999,6,28,79,312,850,2506,261,9,0,,
CO,1999,5,41,75,219,665,2693,365,9,0,,
IA,1999,1,27,37,215,593,2172,179,9,0,,
IL,1999,8,35,217,429,712,2646,467,9,0,,
IN,1999,7,27,109,232,715,2335,341,9,0,,
MI,1999,7,49,143,376,778,2396,576,9,0,,
MN,1999,3,43,82,146,580,2465,278,9,0,,
OH,1999,4,37,128,148,773,2559,348,9,0,,
WI,1999,3,20,85,138,488,2299,263,9,0,,
WY,1999,2,29,15,186,490,2611,124,9,0,,
CA,2000,6,29,178,409,656,1924,537,3,0,,
CT,2000,3,20,113,189,512,2011,385,3,0,,
KY,2000,5,27,81,182,626,1810,230,3,0,,
ME,2000,1,25,19,64,531,1875,104,3,0,,
NJ,2000,3,16,161,203,522,1849,406,3,0,,
NY,2000,5,19,214,317,463,1796,286,3,0,,
PA,2000,5,26,148,241,440,1839,296,3,0,,
VA,2000,6,23,89,164,430,2065,252,3,0,,
VT,2000,1,23,19,70,575,2165,133,3,0,,
GA,2000,8,24,162,311,837,2937,473,4,0,,
KS,2000,6,38,76,269,799,2979,242,4,0,,
LA,2000,13,33,169,467,1036,3230,476,4,0,,
MD,2000,8,29,256,493,744,2746,540,4,0,,
MO,2000,6,24,136,324,745,2851,441,4,0,,
NE,2000,4,25,67,231,592,2870,306,4,0,,
SC,2000,7,41,155,624,1005,3125,389,4,0,,
TX,2000,6,38,145,356,906,3057,447,4,0,,
UT,2000,2,39,56,160,642,3289,289,4,0,,
WA,2000,3,46,99,221,907,3235,594,4,0,,
MA,2000,2,27,92,356,482,1660,408,6,0,,
NH,2000,2,42,37,95,404,1680,174,6,0,,
SD,2000,1,40,17,108,384,1664,106,6,0,,
WV,2000,3,18,41,254,547,1556,183,6,0,,
AZ,2000,7,31,146,348,1012,3444,842,7,0,,
DC,2000,42,44,621,801,829,3785,1154,7,0,,
HI,2000,3,29,93,120,880,3570,505,7,0,,
MS,2000,9,36,95,221,946,2452,245,8,0,,
NC,2000,7,27,156,307,1216,2892,314,8,0,,
AK,2000,4,79,78,405,622,2686,375,9,0,,
AR,2000,6,32,75,332,802,2609,259,9,0,,
IA,2000,2,23,37,205,558,2225,184,9,0,,
IL,2000,7,32,206,408,659,2522,405,9,0,,
IN,2000,6,29,103,211,676,2380,347,9,0,,
MI,2000,7,51,138,360,702,2292,561,9,0,,
MN,2000,3,46,75,157,531,2404,273,9,0,,
NV,2000,6,43,227,247,877,2208,659,9,0,,
OH,2000,4,38,137,155,781,2583,344,9,0,,
WI,2000,3,22,85,127,470,2230,273,9,0,,
WY,2000,2,32,14,218,421,2495,116,9,0,,
CA,2001,6,29,187,393,671,2017,590,3,0,,
CT,2001,3,19,122,191,500,1915,360,3,0,,
ID,2001,2,32,19,190,568,2142,181,3,0,,
KY,2001,4,26,80,148,663,1756,220,3,0,,
ME,2001,1,25,21,64,537,1914,130,3,0,,
ND,2001,1,26,9,43,340,1820,171,3,0,,
NJ,2001,4,15,166,204,550,1833,443,3,0,,
PA,2001,5,28,142,234,442,1815,290,3,0,,
VA,2001,5,25,95,166,439,2182,262,3,0,,
VT,2001,1,17,17,69,514,2027,124,3,0,,
CO,2001,4,44,80,222,644,2739,474,4,0,,
FL,2001,5,41,201,552,1075,3155,549,4,0,,
GA,2001,7,26,171,291,854,2837,447,4,0,,
KS,2001,3,35,90,276,759,2851,296,4,0,,
LA,2001,11,31,176,468,1039,3122,485,4,0,,
MO,2001,7,25,138,372,762,2970,497,4,0,,
NE,2001,2,25,66,210,567,3065,377,4,0,,
NM,2001,5,46,147,581,1068,3081,390,4,0,,
SC,2001,8,44,147,616,1049,3120,411,4,0,,
TX,2001,6,38,165,362,956,3133,480,4,0,,
UT,2001,3,39,53,138,606,3102,286,4,0,,
WA,2001,3,43,99,209,885,3256,652,4,0,,
MA,2001,2,29,101,345,507,1669,435,6,0,,
NH,2001,1,36,35,97,388,1593,170,6,0,,
SD,2001,1,46,14,94,407,1658,108,6,0,,
WV,2001,2,18,39,220,533,1570,179,6,0,,
AZ,2001,8,29,167,337,1033,3521,984,7,0,,
DC,2001,40,32,659,872,862,3888,1389,7,0,,
HI,2001,3,33,93,125,910,3661,550,7,0,,
MS,2001,10,40,115,185,1043,2459,331,8,0,,
NC,2001,6,25,162,299,1242,2891,300,8,0,,
DE,2001,3,53,145,410,646,2445,349,9,0,,
IA,2001,2,22,39,205,576,2259,188,9,0,,
IL,2001,8,32,199,394,632,2450,389,9,0,,
IN,2001,7,28,117,219,698,2404,351,9,0,,
MI,2001,7,53,129,365,720,2266,536,9,0,,
MN,2001,2,45,75,141,512,2498,302,9,0,,
MT,2001,4,21,25,302,405,2726,201,9,0,,
NV,2001,9,42,235,303,844,2149,701,9,0,,
OH,2001,4,39,151,157,851,2599,371,9,0,,
RI,2001,4,39,93,173,644,2253,476,9,0,,
WI,2001,4,21,82,124,498,2317,272,9,0,,
WY,2001,2,31,17,208,502,2621,141,9,0,,
CA,2002,7,29,186,374,681,2045,635,3,0,,
CT,2002,2,21,118,171,495,1872,335,3,0,,
ID,2002,3,37,18,197,554,2164,196,3,0,,
KY,2002,5,27,77,164,658,1770,228,3,0,,
ME,2002,1,29,21,57,538,1899,110,3,0,,
PA,2002,5,30,139,228,451,1723,266,3,0,,
VA,2002,5,25,96,166,436,2162,254,3,0,,
AK,2002,5,80,76,404,609,2765,385,4,0,,
CO,2002,4,46,80,223,704,2781,515,4,0,,
FL,2002,5,40,195,530,1062,3064,530,4,0,,
GA,2002,7,25,157,271,865,2746,445,4,0,,
KS,2002,3,38,80,256,726,2724,266,4,0,,
LA,2002,13,34,159,457,1013,2978,451,4,0,,
MO,2002,6,26,124,383,754,2821,492,4,0,,
NE,2002,3,27,79,206,598,2978,371,4,0,,
OK,2002,5,45,85,369,1008,2871,366,4,0,,
OR,2002,2,35,78,177,730,3378,469,4,0,,
SC,2002,7,48,141,627,1066,3002,411,4,0,,
TX,2002,6,39,173,362,978,3170,472,4,0,,
UT,2002,2,41,49,145,652,3226,333,4,0,,
WA,2002,3,45,96,202,906,3190,667,4,0,,
MA,2002,3,28,112,343,518,1681,414,6,0,,
NH,2002,1,35,32,93,380,1528,153,6,0,,
NY,2002,5,20,192,280,401,1662,248,6,0,,
SD,2002,1,47,15,113,399,1596,108,6,0,,
WV,2002,3,18,36,176,536,1525,216,6,0,,
AZ,2002,7,30,147,371,1086,3704,1060,7,0,,
HI,2002,2,30,98,133,1025,3977,799,7,0,,
AR,2002,5,28,93,299,858,2628,252,8,0,,
MS,2002,9,39,117,178,1032,2458,332,8,0,,
NC,2002,7,26,147,291,1198,2761,299,8,0,,
DE,2002,3,44,143,409,664,2302,379,9,0,,
IA,2002,1,27,40,217,635,2330,198,9,0,,
IL,2002,8,35,201,358,647,2417,356,9,0,,
IN,2002,6,30,107,214,692,2373,330,9,0,,
MD,2002,9,25,246,490,730,2629,624,9,0,,
MN,2002,2,45,78,141,558,2431,276,9,0,,
MT,2002,2,26,31,292,361,2601,196,9,0,,
OH,2002,5,42,157,148,869,2516,375,9,0,,
WY,2002,3,30,19,222,491,2667,149,9,0,,
CA,2003,7,28,180,365,683,2063,681,3,0,,
CT,2003,3,20,121,173,460,1880,326,3,0,,
ID,2003,2,39,18,187,573,2162,194,3,0,,
KY,2003,4,27,78,138,632,1678,200,3,0,,
ME,2003,1,27,22,58,503,1836,111,3,0,,
MI,2003,6,54,112,339,678,2068,533,3,0,,
PA,2003,5,29,145,218,436,1724,270,3,0,,
RI,2003,2,47,77,159,513,2074,408,3,0,,
VA,2003,6,25,91,157,395,2082,244,3,0,,
WI,2003,3,22,80,115,485,2170,226,3,0,,
FL,2003,5,40,185,501,1004,2974,480,4,0,,
GA,2003,8,26,162,259,911,2849,500,4,0,,
KS,2003,5,40,82,271,806,2917,287,4,0,,
LA,2003,13,36,156,432,992,2881,437,4,0,,
MO,2003,5,24,117,344,734,2826,524,4,0,,
OK,2003,6,43,92,366,994,2949,370,4,0,,
OR,2003,2,34,80,179,801,3432,532,4,0,,
SC,2003,7,47,140,612,1060,3081,381,4,0,,
TN,2003,7,36,161,487,1083,2853,453,4,0,,
TX,2003,6,36,167,343,995,3161,444,4,0,,
UT,2003,3,39,53,155,721,3202,332,4,0,,
WA,2003,3,47,93,204,950,3142,663,4,0,,
MA,2003,2,29,125,317,545,1621,397,6,0,,
ND,2003,1,25,8,45,309,1630,170,6,0,,
NH,2003,1,34,37,78,356,1547,150,6,0,,
NJ,2003,5,15,154,190,503,1646,400,6,0,,
NY,2003,5,20,186,255,393,1621,235,6,0,,
SD,2003,1,47,14,112,376,1513,114,6,0,,
AL,2003,7,37,134,252,960,2754,332,8,0,,
AR,2003,7,33,82,335,917,2495,220,8,0,,
NC,2003,6,25,145,278,1196,2756,319,8,0,,
NM,2003,6,50,103,508,1011,2693,385,8,0,,
NV,2003,9,39,233,335,979,2378,930,8,0,,
DE,2003,3,45,176,451,741,2314,360,9,0,,
IL,2003,7,33,188,328,619,2339,329,9,0,,
IN,2003,5,28,103,216,671,2350,335,9,0,,
MD,2003,10,25,241,428,701,2438,660,9,0,,
MN,2003,3,41,77,142,547,2295,272,9,0,,
MT,2003,3,27,32,302,405,2483,208,9,0,,
OH,2003,5,41,148,141,831,2460,359,9,0,,
WY,2003,3,27,17,215,520,2637,159,9,0,,
CA,2004,7,27,172,322,686,2033,705,3,0,,
CT,2004,3,22,120,145,456,1908,321,3,0,,
IA,2004,1,26,39,221,607,2107,191,3,0,,
ID,2004,2,43,17,185,550,2035,196,3,0,,
KY,2004,6,30,79,131,625,1703,212,3,0,,
ME,2004,1,24,22,56,482,1832,99,3,0,,
MI,2004,6,54,112,319,636,1930,501,3,0,,
PA,2004,5,29,149,229,439,1728,250,3,0,,
RI,2004,2,30,68,148,506,2002,378,3,0,,
VA,2004,5,24,92,154,384,2061,233,3,0,,
VT,2004,3,26,13,74,553,1696,95,3,0,,
WI,2004,3,21,74,112,433,2026,207,3,0,,
WV,2004,4,19,43,216,607,1742,208,3,0,,
AZ,2004,7,33,135,330,991,3119,964,4,0,,
HI,2004,3,26,75,151,858,3255,683,4,0,,
KS,2004,4,42,66,265,737,2967,311,4,0,,
MO,2004,6,26,115,343,703,2748,450,4,0,,
OR,2004,3,36,77,184,837,3282,516,4,0,,
SC,2004,7,42,130,611,1042,3120,375,4,0,,
TN,2004,6,39,150,502,1025,2882,420,4,0,,
TX,2004,6,37,159,338,980,3100,419,4,0,,
UT,2004,2,40,51,140,629,3094,316,4,0,,
WA,2004,3,46,95,200,977,3173,697,4,0,,
MA,2004,3,28,117,313,538,1586,344,6,0,,
ND,2004,1,28,7,52,321,1496,147,6,0,,
NH,2004,1,36,38,94,383,1518,151,6,0,,
NJ,2004,5,15,151,186,472,1612,349,6,0,,
NY,2004,5,19,174,243,367,1613,213,6,0,,
SD,2004,2,44,15,111,409,1413,110,6,0,,
AL,2004,6,38,134,249,987,2732,310,8,0,,
AR,2004,6,43,86,367,1096,2700,237,8,0,,
NC,2004,6,27,138,276,1185,2660,316,8,0,,
NM,2004,9,55,108,516,1047,2736,415,8,0,,
AK,2004,6,85,68,474,574,2457,341,9,0,,
DC,2004,36,40,578,716,712,2624,1517,9,0,,
DE,2004,3,43,162,407,683,2323,277,9,0,,
IL,2004,6,33,178,329,599,2258,318,9,0,,
IN,2004,5,29,102,190,677,2388,339,9,0,,
MD,2004,9,24,230,438,660,2336,645,9,0,,
MN,2004,2,42,80,146,550,2226,265,9,0,,
MS,2004,8,40,86,161,954,2256,272,9,0,,
MT,2004,3,29,25,236,379,2382,175,9,0,,
NE,2004,2,35,65,206,562,2655,303,9,0,,
OH,2004,4,41,152,141,843,2464,355,9,0,,
WY,2004,2,22,13,192,541,2639,158,9,0,,
CA,2005,7,26,176,317,693,1915,712,3,0,,
CT,2005,3,20,112,137,435,1840,303,3,0,,
IA,2005,1,29,39,224,612,2048,186,3,0,,
ID,2005,2,40,19,195,564,1931,202,3,0,,
KY,2005,5,34,88,140,634,1686,211,3,0,,
ME,2005,1,25,25,62,480,1837,102,3,0,,
MI,2005,6,51,132,364,698,1922,478,3,0,,
PA,2005,6,29,155,235,452,1732,237,3,0,,
RI,2005,3,30,72,147,495,1823,410,3,0,,
VA,2005,6,23,99,155,394,2044,211,3,0,,
VT,2005,1,25,12,88,512,1750,108,3,0,,
WI,2005,4,21,82,135,442,2000,228,3,0,,
WV,2005,5,18,45,206,625,1797,211,3,0,,
AZ,2005,7,34,144,327,946,2958,922,4,0,,
HI,2005,2,27,79,148,769,3313,717,4,0,,
KS,2005,4,40,65,280,692,2774,340,4,0,,
SC,2005,7,44,133,583,1006,2978,386,4,0,,
TX,2005,6,37,156,329,959,2953,408,4,0,,
WA,2005,3,45,92,206,959,3147,783,4,0,,
MA,2005,3,27,122,309,540,1525,294,6,0,,
ND,2005,2,28,9,72,322,1534,169,6,0,,
NH,2005,1,31,28,74,321,1415,103,6,0,,
NJ,2005,5,14,152,185,448,1571,318,6,0,,
NY,2005,5,19,182,239,352,1565,185,6,0,,
SD,2005,2,49,19,109,323,1336,108,6,0,,
AL,2005,8,34,142,248,956,2655,289,8,0,,
AR,2005,7,43,91,387,1085,2720,262,8,0,,
FL,2005,5,37,170,497,927,2662,424,8,0,,
GA,2005,6,23,154,263,925,2733,487,8,0,,
LA,2005,10,32,118,437,874,2503,319,8,0,,
NC,2005,7,27,146,290,1203,2549,328,8,0,,
NM,2005,7,54,98,487,1087,2633,412,8,0,,
AK,2005,5,81,81,465,623,2601,391,9,0,,
DE,2005,4,45,155,429,690,2149,279,9,0,,
IN,2005,6,30,109,180,698,2414,347,9,0,,
MD,2005,10,23,257,415,643,2299,610,9,0,,
MN,2005,2,44,92,159,580,2230,279,9,0,,
MT,2005,2,32,19,229,390,2546,211,9,0,,
NE,2005,3,33,59,193,535,2580,317,9,0,,
OH,2005,5,41,163,141,873,2433,362,9,0,,
WY,2005,3,24,15,188,477,2536,145,9,0,,
CA,2006,7,25,195,306,678,1835,668,3,0,,
CT,2006,4,20,127,149,445,1848,294,3,0,,
IA,2006,2,29,44,211,609,2045,169,3,0,,
IL,2006,6,32,185,318,602,2124,293,3,0,,
KY,2006,4,31,92,143,663,1716,223,3,0,,
ME,2006,2,26,29,59,518,1927,102,3,0,,
MI,2006,7,53,141,363,756,1973,496,3,0,,
MS,2006,8,36,112,156,932,1972,286,3,0,,
NV,2006,9,44,282,414,998,2021,1082,3,0,,
RI,2006,3,27,69,132,511,1766,338,3,0,,
VA,2006,5,24,102,153,421,1875,194,3,0,,
VT,2006,2,28,18,97,552,1740,99,3,0,,
WI,2006,3,22,100,161,487,2082,253,3,0,,
WV,2006,4,22,47,208,637,1776,223,3,0,,
AZ,2006,9,40,154,340,964,2892,919,4,0,,
DC,2006,29,32,658,789,659,2736,1259,4,0,,
HI,2006,2,27,89,163,679,2939,602,4,0,,
SC,2006,8,42,137,584,994,2894,386,4,0,,
TX,2006,6,36,158,317,918,2760,406,4,0,,
MA,2006,3,28,126,345,547,1565,279,6,0,,
ND,2006,2,38,12,145,409,1521,171,6,0,,
NH,2006,1,22,33,79,334,1535,113,6,0,,
NJ,2006,5,14,153,178,451,1544,284,6,0,,
NY,2006,5,16,178,236,355,1543,166,6,0,,
SD,2006,4,59,20,181,387,1273,107,6,0,,
AL,2006,8,36,154,228,974,2641,327,8,0,,
AR,2006,7,47,98,401,1134,2584,267,8,0,,
FL,2006,6,36,189,486,945,2619,423,8,0,,
GA,2006,6,23,166,283,909,2504,461,8,0,,
LA,2006,13,37,138,533,1089,2626,365,8,0,,
NC,2006,6,28,152,289,1212,2564,340,8,0,,
NM,2006,7,55,107,486,1070,2346,472,8,0,,
TN,2006,7,36,185,535,1044,2719,375,8,0,,
AK,2006,5,76,90,517,620,2579,379,9,0,,
DE,2006,5,49,210,437,742,2396,338,9,0,,
IN,2006,6,29,114,174,721,2386,342,9,0,,
MD,2006,10,21,256,392,667,2270,544,9,0,,
MN,2006,2,32,105,171,587,2239,257,9,0,,
MO,2006,6,30,130,379,766,2634,435,9,0,,
MT,2006,3,37,25,312,358,2293,206,9,0,,
NE,2006,3,33,64,194,539,2528,292,9,0,,
OH,2006,5,42,169,146,920,2437,331,9,0,,
OK,2006,6,42,88,365,962,2287,375,9,0,,
OR,2006,2,33,73,176,657,2672,396,9,0,,
UT,2006,2,35,49,141,577,2607,328,9,0,,
WY,2006,3,29,14,208,451,2380,156,9,0,,
CA,2007,6,25,193,300,651,1791,602,3,0,,
CO,2007,3,43,71,235,589,2068,343,3,0,,
CT,2007,3,20,123,155,447,1740,284,3,0,,
IA,2007,1,32,44,222,575,1908,165,3,0,,
IL,2007,6,32,180,316,588,2084,264,3,0,,
KY,2007,5,32,96,158,656,1685,205,3,0,,
ME,2007,2,30,26,61,512,1839,97,3,0,,
MI,2007,7,46,133,349,747,1899,417,3,0,,
MS,2007,7,35,99,150,933,1935,246,3,0,,
NV,2007,8,43,270,434,971,1943,872,3,0,,
RI,2007,2,24,72,131,492,1813,302,3,0,,
VA,2007,5,23,100,144,415,1888,183,3,0,,
VT,2007,2,21,13,94,515,1747,105,3,0,,
WI,2007,3,22,98,168,498,2106,240,3,0,,
WV,2007,4,21,47,205,597,1728,192,3,0,,
DC,2007,31,33,725,627,667,2956,1293,4,0,,
SC,2007,8,40,144,593,1030,2877,388,4,0,,
ID,2007,3,40,16,196,476,1649,151,6,0,,
MA,2007,3,25,109,304,555,1611,233,6,0,,
ND,2007,3,39,12,156,362,1485,154,6,0,,
NH,2007,1,27,34,82,386,1513,107,6,0,,
NJ,2007,4,12,145,168,429,1533,253,6,0,,
NY,2007,4,15,161,234,336,1506,145,6,0,,
SD,2007,4,54,15,169,332,1306,99,6,0,,
AL,2007,9,33,160,247,981,2689,308,8,0,,
AR,2007,7,46,110,375,1130,2579,247,8,0,,
FL,2007,7,34,209,473,996,2689,403,8,0,,
GA,2007,8,23,181,280,946,2498,446,8,0,,
LA,2007,15,33,147,546,1093,2755,356,8,0,,
NC,2007,6,26,149,284,1200,2574,309,8,0,,
NM,2007,9,52,118,496,1057,2307,452,8,0,,
TN,2007,7,36,179,533,1004,2742,353,8,0,,
AK,2007,6,80,85,490,546,2477,356,9,0,,
DE,2007,5,39,204,458,742,2365,271,9,0,,
IN,2007,6,27,124,179,733,2332,306,9,0,,
KS,2007,4,46,73,336,737,2662,310,9,0,,
MD,2007,10,21,236,375,660,2266,505,9,0,,
MO,2007,6,30,131,393,764,2659,407,9,0,,
OH,2007,5,41,160,150,864,2308,296,9,0,,
OK,2007,6,43,94,361,950,2232,376,9,0,,
OR,2007,2,34,76,181,613,2539,391,9,0,,
UT,2007,2,35,54,148,589,2592,337,9,0,,
WA,2007,3,41,94,199,817,2640,589,9,0,,
CA,2008,6,24,189,285,647,1770,524,3,0,,
CO,2008,3,44,69,238,568,1983,270,3,0,,
IL,2008,6,32,186,301,612,2068,253,3,0,,
KY,2008,5,34,96,163,692,1810,179,3,0,,
ME,2008,2,29,25,63,498,1876,90,3,0,,
MI,2008,6,45,132,332,748,1845,357,3,0,,
MN,2008,2,35,80,149,509,2160,195,3,0,,
MS,2008,8,33,105,159,868,1828,213,3,0,,
MT,2008,4,37,21,249,381,2154,184,3,0,,
NE,2008,4,34,73,202,490,2153,237,3,0,,
NV,2008,6,43,249,431,933,1916,613,3,0,,
RI,2008,3,27,84,139,549,1991,305,3,0,,
VA,2008,5,23,96,134,414,1946,172,3,0,,
VT,2008,3,21,15,98,566,1900,94,3,0,,
WI,2008,3,20,92,161,488,2069,205,3,0,,
WV,2008,4,21,49,201,597,1762,174,3,0,,
WY,2008,2,35,16,196,413,2175,138,3,0,,
DC,2008,31,31,749,626,640,3372,1092,4,0,,
ID,2008,2,38,16,186,443,1544,109,6,0,,
MA,2008,3,27,109,325,558,1645,196,6,0,,
ND,2008,2,52,11,160,364,1525,142,6,0,,
NH,2008,1,29,32,94,324,1726,107,6,0,,
NJ,2008,4,13,146,163,465,1596,232,6,0,,
NY,2008,4,14,163,216,336,1529,129,6,0,,
SD,2008,5,70,17,186,334,1277,114,6,0,,
AL,2008,8,35,158,253,1081,2714,289,8,0,,
AR,2008,6,51,97,359,1188,2448,229,8,0,,
FL,2008,6,33,198,452,1028,2766,347,8,0,,
GA,2008,7,24,184,274,1038,2557,409,8,0,,
LA,2008,12,28,141,489,1032,2541,308,8,0,,
NC,2008,6,25,155,281,1210,2543,290,8,0,,
NM,2008,8,56,108,481,1043,2368,404,8,0,,
TN,2008,7,33,174,509,1047,2684,309,8,0,,
TX,2008,6,33,155,314,946,2690,351,8,0,,
AK,2008,4,65,94,489,472,2218,237,9,0,,
DE,2008,7,42,212,448,777,2525,293,9,0,,
HI,2008,2,28,84,158,730,2439,397,9,0,,
IN,2008,5,27,119,187,765,2310,274,9,0,,
KS,2008,4,44,60,305,701,2421,264,9,0,,
MD,2008,9,20,234,365,690,2378,450,9,0,,
MO,2008,8,27,125,342,774,2537,351,9,0,,
OH,2008,5,39,163,145,892,2271,248,9,0,,
OR,2008,2,31,70,158,557,2445,300,9,0,,
UT,2008,1,33,52,138,540,2569,267,9,0,,
WA,2008,3,41,98,193,811,2550,445,9,0,,
CO,2009,3,45,67,223,530,1892,248,3,0,,
IL,2009,6,30,178,283,603,1927,207,3,0,,
KY,2009,4,35,84,131,693,1691,141,3,0,,
ME,2009,2,28,30,59,510,1817,78,3,0,,
MI,2009,6,45,125,323,763,1792,294,3,0,,
MN,2009,1,34,69,140,486,1997,162,3,0,,
MS,2009,7,34,101,146,1001,1773,184,3,0,,
MT,2009,3,37,23,224,378,2003,165,3,0,,
NE,2009,2,34,68,185,486,2087,195,3,0,,
NV,2009,6,39,228,432,837,1758,469,3,0,,
RI,2009,3,28,75,149,546,1842,228,3,0,,
VA,2009,5,20,80,126,405,1908,148,3,0,,
WI,2009,3,20,87,150,474,1980,158,3,0,,
WY,2009,2,32,14,172,400,2078,139,3,0,,
DC,2009,24,25,734,565,616,3213,923,4,0,,
CT,2009,3,19,114,166,431,1705,212,6,0,,
IA,2009,1,30,40,211,546,1654,130,6,0,,
ID,2009,2,37,16,191,432,1492,95,6,0,,
MA,2009,3,26,113,320,523,1620,180,6,0,,
ND,2009,2,46,17,202,375,1465,141,6,0,,
NH,2009,1,30,34,95,371,1717,85,6,0,,
NJ,2009,4,12,134,162,424,1473,178,6,0,,
NY,2009,4,13,144,223,321,1499,112,6,0,,
PA,2009,5,29,139,209,435,1623,141,6,0,,
SD,2009,4,62,14,139,323,1341,107,6,0,,
AR,2009,6,48,89,373,1203,2361,211,8,0,,
GA,2009,6,24,149,250,1003,2332,337,8,0,,
LA,2009,12,30,137,464,1045,2540,258,8,0,,
NC,2009,5,25,126,249,1149,2302,213,8,0,,
SC,2009,7,36,126,506,996,2614,299,8,0,,
TN,2009,7,32,153,473,1014,2514,239,8,0,,
TX,2009,5,34,153,299,969,2738,309,8,0,,
AK,2009,3,73,94,463,515,2183,242,9,0,,
AZ,2009,6,35,124,262,823,2365,401,9,0,,
DE,2009,5,45,190,406,784,2354,215,9,0,,
HI,2009,2,30,80,163,714,2580,375,9,0,,
KS,2009,4,42,63,297,691,2324,211,9,0,,
MO,2009,6,27,124,335,728,2351,291,9,0,,
OH,2009,5,36,153,139,901,2164,196,9,0,,
OR,2009,2,31,65,162,516,2224,261,9,0,,
UT,2009,1,34,47,133,548,2498,249,9,0,,
WA,2009,3,39,101,194,796,2527,356,9,0,,
CO,2010,3,44,63,214,519,1932,223,3,0,,
IL,2010,5,24,159,257,603,1890,225,3,0,,
KY,2010,4,33,86,120,700,1713,144,3,0,,
MD,2010,7,21,191,327,634,2050,312,3,0,,
ME,2010,2,29,31,60,555,1849,75,3,0,,
MN,2010,2,34,64,136,460,1948,162,3,0,,
MS,2010,7,31,93,138,1025,1777,180,3,0,,
MT,2010,3,34,16,224,373,2035,157,3,0,,
NE,2010,3,37,56,183,455,2016,197,3,0,,
RI,2010,3,28,74,152,582,1751,228,3,0,,
VA,2010,5,20,71,119,384,1819,132,3,0,,
WI,2010,3,21,79,146,468,1897,143,3,0,,
WY,2010,1,29,14,154,381,1971,105,3,0,,
CA,2010,5,22,156,257,613,1608,409,6,0,,
CT,2010,4,17,99,162,424,1578,187,6,0,,
IA,2010,1,29,33,205,549,1580,125,6,0,,
ID,2010,1,34,14,172,415,1502,85,6,0,,
MA,2010,3,27,105,333,578,1604,175,6,0,,
ND,2010,1,36,13,178,296,1354,129,6,0,,
NJ,2010,4,11,134,158,440,1463,177,6,0,,
NY,2010,4,14,148,228,339,1512,106,6,0,,
PA,2010,5,27,129,205,434,1608,132,6,0,,
SD,2010,3,47,19,200,391,1371,98,6,0,,
WV,2010,3,20,42,237,581,1516,130,6,0,,
AR,2010,5,45,81,373,1111,2252,190,8,0,,
GA,2010,6,22,127,247,998,2329,312,8,0,,
LA,2010,11,27,117,401,1000,2426,219,8,0,,
NC,2010,5,21,101,236,1076,2176,192,8,0,,
SC,2010,6,33,108,455,998,2621,287,8,0,,
TN,2010,6,34,132,441,1011,2418,233,8,0,,
AZ,2010,6,34,108,265,794,2403,339,9,0,,
DE,2010,6,36,204,377,839,2400,215,9,0,,
FL,2010,5,29,138,369,898,2434,220,9,0,,
HI,2010,2,28,78,157,639,2324,387,9,0,,
KS,2010,3,40,54,274,676,2231,211,9,0,,
MO,2010,7,24,103,323,737,2344,269,9,0,,
OH,2010,4,32,143,135,928,2154,183,9,0,,
OK,2010,5,39,89,348,1007,2162,274,9,0,,
OR,2010,3,32,63,154,522,2279,238,9,0,,
UT,2010,2,35,46,130,544,2423,215,9,0,,
WA,2010,2,38,88,185,819,2499,382,9,0,,
AK,2011,4,60,80,466,394,2052,192,3,0,,
CO,2011,3,45,64,202,503,1877,215,3,0,,
IL,2011,6,24,157,237,604,1846,229,3,0,,
KY,2011,3,34,85,117,750,1823,154,3,0,,
MD,2011,7,21,177,289,613,1968,275,3,0,,
ME,2011,2,30,28,64,592,1873,81,3,0,,
MN,2011,1,40,63,126,480,1914,152,3,0,,
MS,2011,8,29,84,148,1032,1820,165,3,0,,
MT,2011,3,37,17,219,335,1913,145,3,0,,
NE,2011,4,38,54,158,474,2066,223,3,0,,
NH,2011,1,44,39,133,474,1927,85,3,0,,
RI,2011,2,30,71,143,651,1786,226,3,0,,
VT,2011,2,23,16,107,613,1711,84,3,0,,
WI,2011,2,21,81,146,476,1830,145,3,0,,
WY,2011,3,26,13,178,329,1849,92,3,0,,
CT,2011,4,19,103,150,431,1535,186,6,0,,
IA,2011,1,28,27,201,574,1647,131,6,0,,
ID,2011,2,28,12,160,437,1555,84,6,0,,
MA,2011,3,25,102,297,551,1538,163,6,0,,
MI,2011,6,44,104,289,706,1586,252,6,0,,
ND,2011,4,39,13,192,359,1444,144,6,0,,
NJ,2011,4,11,138,154,489,1461,197,6,0,,
NY,2011,4,14,146,234,334,1474,99,6,0,,
PA,2011,5,26,127,204,455,1637,132,6,0,,
SD,2011,2,61,20,172,355,1387,115,6,0,,
DC,2011,17,28,661,494,622,3449,720,7,0,,
AL,2011,6,29,102,283,1064,2319,222,8,0,,
AR,2011,5,42,80,355,1158,2404,196,8,0,,
LA,2011,11,28,114,402,1011,2474,199,8,0,,
NM,2011,8,41,83,441,1030,2248,260,8,0,,
SC,2011,7,36,99,455,1013,2616,292,8,0,,
AZ,2011,6,39,110,259,846,2403,306,9,0,,
DE,2011,5,34,172,356,839,2423,170,9,0,,
FL,2011,5,28,134,348,892,2418,208,9,0,,
HI,2011,1,26,72,152,592,2267,324,9,0,,
KS,2011,4,39,50,262,652,2204,233,9,0,,
MO,2011,6,24,104,312,747,2311,255,9,0,,
OH,2011,4,32,139,130,978,2138,181,9,0,,
OK,2011,6,37,87,328,964,2116,293,9,0,,
OR,2011,2,32,58,157,535,2380,235,9,0,,
TX,2011,4,29,112,263,842,2392,249,9,0,,
UT,2011,2,32,38,125,468,2300,220,9,0,,
WA,2011,2,34,82,176,829,2386,364,9,0,,
CO,2012,3,41,65,198,504,1948,233,3,0,,
IN,2012,5,25,101,214,729,2090,209,3,0,,
MD,2012,6,21,173,277,574,1930,254,3,0,,
ME,2012,2,28,32,61,563,1877,75,3,0,,
MN,2012,2,30,65,134,472,1939,157,3,0,,
MS,2012,7,27,76,149,940,1725,145,3,0,,
MT,2012,3,39,20,217,390,2037,169,3,0,,
NE,2012,3,38,61,157,471,2064,224,3,0,,
NH,2012,1,37,36,141,453,1893,80,3,0,,
NV,2012,5,34,179,392,803,1647,364,3,0,,
RI,2012,2,28,68,154,565,1759,251,3,0,,
CT,2012,3,26,103,151,412,1556,180,6,0,,
IA,2012,2,29,31,203,559,1597,131,6,0,,
ID,2012,2,31,15,162,454,1454,87,6,0,,
MA,2012,2,25,99,282,521,1497,139,6,0,,
MI,2012,7,47,105,296,663,1605,254,6,0,,
ND,2012,4,40,18,184,346,1524,168,6,0,,
NJ,2012,4,12,128,146,477,1383,186,6,0,,
NY,2012,3,14,146,242,329,1500,89,6,0,,
PA,2012,6,26,123,200,447,1601,118,6,0,,
SD,2012,3,72,19,230,393,1555,129,6,0,,
VA,2012,4,18,58,112,362,1706,112,6,0,,
DC,2012,14,37,637,553,556,3722,578,7,0,,
AR,2012,6,42,78,344,1108,2406,194,8,0,,
LA,2012,11,25,119,342,913,2450,171,8,0,,
NM,2012,6,46,89,419,1026,2316,262,8,0,,
AZ,2012,5,35,113,276,808,2439,290,9,0,,
DE,2012,6,27,163,354,806,2386,157,9,0,,
FL,2012,5,27,124,331,795,2288,193,9,0,,
GA,2012,6,22,126,226,877,2258,289,9,0,,
HI,2012,2,20,81,140,551,2295,278,9,0,,
MO,2012,6,25,96,324,706,2340,271,9,0,,
OK,2012,6,43,85,341,946,2179,308,9,0,,
OR,2012,2,30,62,153,565,2413,263,9,0,,
TN,2012,6,32,126,474,871,2304,201,9,0,,
TX,2012,4,30,117,258,787,2327,250,9,0,,
UT,2012,2,34,39,133,459,2352,211,9,0,,
WA,2012,3,33,84,178,890,2412,387,9,0,,
CO,2013,3,56,59,186,476,1942,238,3,0,,
IN,2013,5,34,108,212,651,1987,216,3,0,,
KS,2013,4,45,46,248,603,2126,230,3,0,,
MD,2013,6,28,169,272,538,1895,226,3,0,,
MN,2013,2,37,68,127,419,1854,147,3,0,,
MS,2013,7,34,81,155,834,1744,147,3,0,,
MT,2013,2,46,21,218,406,1990,185,3,0,,
NC,2013,5,26,94,217,916,2041,146,3,0,,
NE,2013,3,45,55,161,479,1915,239,3,0,,
OH,2013,4,38,125,124,787,1969,169,3,0,,
CA,2013,5,27,140,232,604,1617,430,6,0,,
CT,2013,3,25,99,136,359,1447,173,6,0,,
IA,2013,1,37,30,205,515,1546,138,6,0,,
ID,2013,2,42,14,158,415,1364,95,6,0,,
IL,2013,6,41,138,218,458,1676,162,6,0,,
KY,2013,4,37,74,96,598,1638,138,6,0,,
MA,2013,2,34,100,270,458,1452,136,6,0,,
MI,2013,6,69,102,275,568,1513,243,6,0,,
ND,2013,2,49,22,200,412,1512,198,6,0,,
NJ,2013,5,13,136,135,403,1324,154,6,0,,
NY,2013,3,18,138,234,287,1456,79,6,0,,
PA,2013,5,30,115,185,407,1545,108,6,0,,
SD,2013,2,60,18,243,400,1414,111,6,0,,
VA,2013,4,28,55,110,323,1647,104,6,0,,
VT,2013,2,22,12,88,535,1626,54,6,0,,
WI,2013,3,32,84,162,424,1636,129,6,0,,
WV,2013,3,38,35,229,535,1514,106,6,0,,
WY,2013,3,35,13,157,335,1762,99,6,0,,
DC,2013,16,61,629,591,511,3782,498,7,0,,
AL,2013,7,43,96,285,877,2252,219,9,0,,
AZ,2013,5,48,100,262,728,2382,256,9,0,,
DE,2013,4,43,133,320,681,2307,146,9,0,,
GA,2013,6,29,127,214,835,2293,272,9,0,,
HI,2013,2,36,66,150,552,2337,324,9,0,,
OR,2013,2,37,61,142,530,2402,252,9,0,,
SC,2013,6,47,83,372,858,2509,264,9,0,,
TN,2013,5,38,113,429,790,2223,183,9,0,,
UT,2013,2,52,43,132,473,2312,258,9,0,,
WA,2013,2,37,84,167,839,2470,408,9,0,,
AK,2014,6,105,85,440,427,2096,236,3,0,,
CO,2014,3,58,57,191,439,1861,235,3,0,,
FL,2014,5,36,109,310,610,2141,214,3,0,,
IN,2014,5,33,104,223,559,1882,210,3,0,,
KS,2014,3,51,47,251,549,1970,238,3,0,,
MO,2014,7,40,92,305,582,2058,270,3,0,,
MS,2014,9,36,80,153,798,1955,151,3,0,,
MT,2014,4,55,20,250,356,1938,200,3,0,,
NC,2014,5,24,85,215,797,1938,137,3,0,,
OH,2014,4,45,110,126,685,1940,155,3,0,,
OK,2014,5,48,79,282,772,1977,273,3,0,,
TX,2014,4,43,115,244,623,2139,254,3,0,,
CA,2014,4,30,125,237,522,1528,391,6,0,,
CT,2014,2,22,88,126,334,1424,170,6,0,,
IA,2014,2,37,34,200,462,1498,134,6,0,,
ID,2014,2,39,12,157,396,1364,102,6,0,,
IL,2014,5,34,119,213,394,1560,136,6,0,,
KY,2014,4,35,76,100,531,1589,143,6,0,,
MA,2014,2,33,90,271,369,1365,123,6,0,,
ME,2014,2,36,23,67,378,1548,60,6,0,,
MI,2014,5,64,81,278,447,1383,214,6,0,,
ND,2014,3,52,24,192,372,1562,205,6,0,,
NH,2014,1,45,41,111,316,1585,65,6,0,,
NJ,2014,4,14,117,125,355,1248,131,6,0,,
NV,2014,6,48,210,372,772,1496,359,6,0,,
NY,2014,3,31,122,229,257,1380,80,6,0,,
PA,2014,5,30,106,174,357,1471,102,6,0,,
RI,2014,2,35,50,133,458,1547,174,6,0,,
SD,2014,3,56,23,246,330,1431,118,6,0,,
VA,2014,4,29,52,114,279,1573,92,6,0,,
VT,2014,2,19,11,71,334,1177,39,6,0,,
WI,2014,3,29,89,171,371,1550,172,6,0,,
WV,2014,5,32,35,244,507,1458,103,6,0,,
WY,2014,3,30,9,154,289,1572,103,6,0,,
DC,2014,16,72,530,625,525,4076,574,7,0,,
AR,2014,6,61,69,344,836,2326,189,9,0,,
AZ,2014,5,49,93,247,645,2269,261,9,0,,
GA,2014,6,31,127,222,773,2311,266,9,0,,
LA,2014,10,30,123,353,829,2436,213,9,0,,
NM,2014,5,71,100,422,887,2353,302,9,0,,
OR,2014,2,41,57,159,471,2371,241,9,0,,
SC,2014,7,45,83,363,770,2447,267,9,0,,
UT,2014,2,53,45,120,396,2258,248,9,0,,
WA,2014,3,39,80,164,784,2482,434,9,0,,
AL,2015,7,42,95,329,727,2043,213,3,0,,
CO,2015,3,61,61,193,431,1918,294,3,0,,
DE,2015,7,38,131,328,508,2071,126,3,0,,
FL,2015,5,37,104,316,540,2076,201,3,0,,
IN,2015,6,36,107,235,520,1874,205,3,0,,
KS,2015,4,58,63,270,537,1976,241,3,0,,
MO,2015,8,42,105,343,560,2020,280,3,0,,
MS,2015,8,39,77,149,839,1888,143,3,0,,
MT,2015,4,55,20,274,377,2031,235,3,0,,
NC,2015,5,26,88,227,745,1871,134,3,0,,
OH,2015,4,47,109,136,603,1864,150,3,0,,
OK,2015,6,50,77,295,737,1911,271,3,0,,
TN,2015,6,42,114,456,663,2112,198,3,0,,
TX,2015,5,45,116,247,558,2037,246,3,0,,
CA,2015,5,33,136,255,506,1684,439,6,0,,
CT,2015,3,22,82,114,287,1364,179,6,0,,
IA,2015,2,39,34,202,480,1452,140,6,0,,
ID,2015,2,43,12,161,371,1265,113,6,0,,
IL,2015,6,38,117,226,365,1499,138,6,0,,
KY,2015,5,37,75,106,509,1517,178,6,0,,
MA,2015,2,31,78,280,322,1248,119,6,0,,
MD,2015,9,29,169,264,441,1713,224,6,0,,
ME,2015,2,35,23,70,353,1418,61,6,0,,
MI,2015,6,68,79,268,407,1331,190,6,0,,
MN,2015,2,42,69,129,352,1727,146,6,0,,
ND,2015,3,52,21,182,435,1676,229,6,0,,
NE,2015,3,47,52,170,340,1698,212,6,0,,
NH,2015,1,48,36,117,262,1434,67,6,0,,
NJ,2015,4,15,109,128,313,1186,132,6,0,,
NV,2015,6,59,218,415,775,1506,394,6,0,,
NY,2015,3,31,121,225,223,1306,77,6,0,,
PA,2015,5,34,101,175,309,1409,95,6,0,,
RI,2015,3,44,52,144,373,1394,131,6,0,,
SD,2015,4,58,25,298,346,1466,139,6,0,,
VA,2015,5,30,53,112,257,1530,98,6,0,,
VT,2015,2,24,17,77,325,1092,31,6,0,,
WI,2015,4,31,91,178,340,1449,191,6,0,,
WV,2015,5,39,43,262,514,1466,122,6,0,,
WY,2015,3,29,10,180,300,1500,101,6,0,,
DC,2015,24,74,559,617,443,3760,491,7,0,,
AR,2015,6,67,71,385,767,2308,195,9,0,,
AZ,2015,4,46,93,267,558,2235,246,9,0,,
LA,2015,11,37,119,373,759,2410,208,9,0,,
NM,2015,6,80,119,452,821,2475,416,9,0,,
OR,2015,3,41,54,168,461,2249,266,9,0,,
SC,2015,8,50,81,361,714,2345,268,9,0,,
UT,2015,2,57,44,135,422,2289,292,9,0,,
WA,2015,3,39,76,168,714,2394,377,9,0,,
AL,2016,8,39,96,388,700,2006,241,3,0,,
CO,2016,3,66,64,211,431,1965,355,3,0,,
DE,2016,6,33,143,329,528,2080,161,3,0,,
FL,2016,5,37,98,290,486,1987,209,3,0,,
GA,2016,7,33,117,234,608,2115,257,3,0,,
HI,2016,2,42,69,128,419,2161,385,3,0,,
IN,2016,6,37,110,246,506,1816,218,3,0,,
KS,2016,5,56,60,281,508,2068,255,3,0,,
MO,2016,9,42,108,362,521,1981,300,3,0,,
MS,2016,8,43,81,149,787,1833,144,3,0,,
MT,2016,4,58,26,287,382,2063,266,3,0,,
NC,2016,7,28,92,245,710,1874,151,3,0,,
OH,2016,6,50,108,144,577,1842,170,3,0,,
OK,2016,6,54,81,315,749,1947,313,3,0,,
TN,2016,7,42,118,471,611,2036,229,3,0,,
TX,2016,5,48,119,261,533,1979,247,3,0,,
CA,2016,5,35,139,266,479,1621,450,6,0,,
CT,2016,2,22,76,128,282,1328,199,6,0,,
IA,2016,2,41,37,213,489,1456,160,6,0,,
ID,2016,3,43,13,172,376,1248,124,6,0,,
IL,2016,8,39,139,251,375,1521,155,6,0,,
KY,2016,6,39,76,114,472,1507,224,6,0,,
MA,2016,2,31,79,269,281,1160,118,6,0,,
MD,2016,9,30,180,263,412,1676,231,6,0,,
ME,2016,2,31,20,71,301,1288,58,6,0,,
MI,2016,6,73,72,310,400,1311,204,6,0,,
MN,2016,2,43,68,130,336,1637,158,6,0,,
ND,2016,2,47,24,179,430,1621,259,6,0,,
NE,2016,3,58,50,187,339,1678,248,6,0,,
NH,2016,1,46,32,121,224,1232,66,6,0,,
NJ,2016,4,16,100,124,281,1130,126,6,0,,
NV,2016,8,59,216,396,640,1495,448,6,0,,
NY,2016,3,32,112,227,201,1265,73,6,0,,
PA,2016,5,35,96,179,275,1362,102,6,0,,
RI,2016,3,42,51,143,345,1339,104,6,0,,
SD,2016,3,61,32,326,348,1475,174,6,0,,
VA,2016,6,34,57,123,240,1513,117,6,0,,
VT,2016,2,27,13,94,302,1225,30,6,0,,
WI,2016,4,35,82,187,338,1428,173,6,0,,
WV,2016,5,37,39,281,499,1403,137,6,0,,
WY,2016,3,35,10,196,303,1520,137,6,0,,
DC,2016,20,78,511,594,345,3958,433,7,0,,
AK,2016,7,142,115,541,547,2396,412,9,0,,
AR,2016,7,74,71,402,797,2245,241,9,0,,
LA,2016,12,39,119,395,740,2336,220,9,0,,
SC,2016,7,50,82,367,668,2308,281,9,0,,
WA,2016,3,43,78,180,676,2382,444,9,0,,
AL,2017,9,41,87,386,641,2045,263,3,0,,
AZ,2017,6,51,106,343,535,2103,270,3,0,,
CO,2017,4,72,69,228,403,1914,391,3,0,,
DE,2017,5,37,113,302,414,1892,142,3,0,,
GA,2017,7,25,95,230,532,2077,250,3,0,,
HI,2017,3,40,76,133,390,2077,370,3,0,,
KS,2017,5,52,56,288,450,2023,254,3,0,,
MO,2017,10,45,104,372,493,2019,326,3,0,,
MT,2017,4,61,22,287,344,2001,247,3,0,,
NC,2017,6,19,96,249,635,1793,157,3,0,,
OK,2017,6,56,76,318,731,1845,313,3,0,,
OR,2017,3,48,60,170,420,2124,410,3,0,,
TN,2017,8,45,117,485,579,2096,277,3,0,,
UT,2017,2,57,48,135,380,2093,305,3,0,,
CA,2017,5,37,144,268,448,1630,427,6,0,,
CT,2017,3,24,79,124,249,1327,205,6,0,,
IA,2017,3,42,40,203,468,1445,175,6,0,,
ID,2017,2,44,13,180,340,1197,125,6,0,,
IL,2017,8,42,139,247,339,1493,163,6,0,,
KY,2017,6,41,67,118,461,1460,233,6,0,,
MA,2017,3,32,71,249,246,1072,109,6,0,,
MD,2017,9,28,186,280,390,1621,224,6,0,,
ME,2017,2,35,19,65,250,1199,59,6,0,,
MI,2017,6,71,65,308,359,1247,196,6,0,,
MN,2017,2,43,65,129,338,1681,180,6,0,,
ND,2017,1,54,24,203,390,1582,233,6,0,,
NE,2017,2,62,53,194,340,1672,275,6,0,,
NH,2017,1,46,33,116,189,1118,67,6,0,,
NJ,2017,4,17,89,122,269,1170,137,6,0,,
NV,2017,9,64,163,325,675,1529,431,6,0,,
NY,2017,3,32,103,223,178,1251,68,6,0,,
PA,2017,6,33,92,182,250,1293,101,6,0,,
RI,2017,2,43,45,144,305,1314,141,6,0,,
SD,2017,3,66,30,331,325,1407,168,6,0,,
VA,2017,6,36,51,118,219,1463,120,6,0,,
VT,2017,3,41,16,114,311,1148,36,6,0,,
WI,2017,3,38,75,205,303,1344,164,6,0,,
WV,2017,5,44,37,275,416,1206,170,6,0,,
WY,2017,2,44,17,172,269,1418,131,6,0,,
DC,2017,17,64,377,545,260,3642,373,7,0,,
AK,2017,8,145,129,574,563,2404,575,9,0,,
LA,2017,12,40,115,389,731,2399,238,9,0,,
SC,2017,8,51,77,370,621,2289,284,9,0,,
KS,2018,4,54,53,328,431,1934,269,3,0,8,
NC,2018,6,25,81,265,600,1724,170,3,0,4,
OR,2018,2,47,61,176,389,2110,395,3,0,6,
WI,2018,3,39,60,194,243,1169,149,6,0,3,