state,population,year,poverty rate,percent
AK,440142,1980,36000,8.18
AK,412000,1981,36000,8.74
AK,438000,1982,46000,10.5
AK,479000,1983,61000,12.73
AK,500000,1984,49000,9.8
AK,521000,1985,45000,8.64
AK,534000,1986,59000,11.05
AK,525000,1987,60000,11.43
AK,513000,1988,53000,10.33
AK,527000,1989,51000,9.68
AK,550043,1990,57000,10.36
AK,570000,1991,62000,10.88
AK,587000,1992,58000,9.88
AK,599000,1993,52000,8.68
AK,606000,1994,61000,10.07
AK,604000,1995,45000,7.45
AK,607000,1996,54000,8.9
AK,609000,1997,56000,9.2
AK,614000,1998,60000,9.77
AK,619500,1999,48000,7.75
AK,626932,2000,47000,7.5
AK,633630,2001,54000,8.52
AK,641482,2002,53000,8.26
AK,648280,2003,62000,9.56
AK,657755,2004,59000,8.97
AK,663253,2005,66000,9.95
AK,670053,2006,58000,8.66
AK,683478,2007,51000,7.46
AK,686293,2008,55000,8.01
AK,698473,2009,81000,11.6
AK,714146,2010,87000,12.18
AK,723860,2011,83000,11.47
AK,730307,2012,70000,9.59
AK,737259,2013,76000,10.31
AK,737046,2014,82000,11.13
AK,737709,2015,65000,8.81
AK,741522,2016,89000,12
AK,739786,2017,103000,13.92
AK,737438,2018,94000,12.75
AL,3861466,1980,810000,20.98
AL,3916000,1981,935000,23.88
AL,3943000,1982,849000,21.53
AL,3959000,1983,909000,22.96
AL,3990000,1984,738000,18.5
AL,4021000,1985,821000,20.42
AL,4053000,1986,959000,23.66
AL,4083000,1987,851000,20.84
AL,4127000,1988,775000,18.78
AL,4118000,1989,770000,18.7
AL,4040587,1990,779000,19.28
AL,4089000,1991,786000,19.22
AL,4136000,1992,729000,17.63
AL,4187000,1993,725000,17.32
AL,4219000,1994,704000,16.69
AL,4253000,1995,882000,20.74
AL,4273000,1996,595000,13.92
AL,4319000,1997,665000,15.4
AL,4352000,1998,609000,13.99
AL,4369862,1999,668000,15.29
AL,4447100,2000,583000,13.11
AL,4468912,2001,696000,15.57
AL,4478896,2002,640000,14.29
AL,4503726,2003,663000,14.72
AL,4525375,2004,762000,16.84
AL,4548327,2005,750000,16.49
AL,4599030,2006,650000,14.13
AL,4627851,2007,662000,14.3
AL,4661900,2008,675000,14.48
AL,4708708,2009,770000,16.35
AL,4785401,2010,812000,16.97
AL,4803689,2011,732000,15.24
AL,4817528,2012,777000,16.13
AL,4833996,2013,796000,16.47
AL,4846411,2014,848000,17.5
AL,4853875,2015,784000,16.15
AL,4860545,2016,782000,16.09
AL,4875120,2017,723000,14.83
AL,4887871,2018,779000,15.94
AR,2284037,1980,484000,21.19
AR,2294000,1981,541000,23.58
AR,2291000,1982,527000,23
AR,2328000,1983,492000,21.13
AR,2349000,1984,564000,24.01
AR,2359000,1985,541000,22.93
AR,2372000,1986,499000,21.04
AR,2388000,1987,537000,22.49
AR,2422000,1988,527000,21.76
AR,2406000,1989,442000,18.37
AR,2350725,1990,472000,20.08
AR,2372000,1991,425000,17.92
AR,2399000,1992,430000,17.92
AR,2424000,1993,484000,19.97
AR,2453000,1994,369000,15.04
AR,2484000,1995,376000,15.14
AR,2510000,1996,449000,17.89
AR,2523000,1997,515000,20.41
AR,2538000,1998,377000,14.85
AR,2551373,1999,384000,15.05
AR,2673400,2000,436000,16.31
AR,2694698,2001,472000,17.52
AR,2706268,2002,532000,19.66
AR,2727774,2003,474000,17.38
AR,2750000,2004,412000,14.98
AR,2775708,2005,382000,13.76
AR,2810872,2006,487000,17.33
AR,2834797,2007,387000,13.65
AR,2855390,2008,431000,15.09
AR,2889450,2009,538000,18.62
AR,2921588,2010,440000,15.06
AR,2938582,2011,545000,18.55
AR,2949828,2012,584000,19.8
AR,2958765,2013,504000,17.03
AR,2966835,2014,532000,17.93
AR,2977853,2015,475000,15.95
AR,2988231,2016,471000,15.76
AR,3002997,2017,432000,14.39
AR,3013825,2018,462000,15.33
AZ,2715357,1980,354000,13.04
AZ,2793000,1981,323000,11.56
AZ,2860000,1982,408000,14.27
AZ,2963000,1983,469000,15.83
AZ,3053000,1984,569000,18.64
AZ,3187000,1985,345000,10.83
AZ,3317000,1986,484000,14.59
AZ,3386000,1987,444000,13.11
AZ,3466000,1988,491000,14.17
AZ,3556000,1989,502000,14.12
AZ,3665228,1990,484000,13.21
AZ,3750000,1991,532000,14.19
AZ,3832000,1992,607000,15.84
AZ,3936000,1993,615000,15.63
AZ,4075000,1994,673000,16.52
AZ,4218000,1995,700000,16.6
AZ,4428000,1996,980000,22.13
AZ,4555000,1997,797000,17.5
AZ,4669000,1998,812000,17.39
AZ,4778332,1999,616000,12.89
AZ,5130632,2000,607000,11.83
AZ,5306966,2001,778000,14.66
AZ,5441125,2002,735000,13.51
AZ,5579222,2003,749000,13.42
AZ,5739879,2004,830000,14.46
AZ,5953007,2005,917000,15.4
AZ,6166318,2006,902000,14.63
AZ,6338755,2007,912000,14.39
AZ,6500180,2008,1172000,18.03
AZ,6595778,2009,1381000,20.94
AZ,6413158,2010,1208000,18.84
AZ,6467315,2011,1128000,17.44
AZ,6551149,2012,1260000,19.23
AZ,6634997,2013,1345000,20.27
AZ,6728783,2014,1409000,20.94
AZ,6817565,2015,1156000,16.96
AZ,6908642,2016,1108000,16.04
AZ,7048876,2017,926000,13.14
AZ,7171646,2018,929000,12.95
CA,23532680,1980,2619000,11.13
CA,24159000,1981,3216000,13.31
CA,24724000,1982,3475000,14.06
CA,25174000,1983,3755000,14.92
CA,25622000,1984,3375000,13.17
CA,26365000,1985,3596000,13.64
CA,26981000,1986,3453000,12.8
CA,27663000,1987,3443000,12.45
CA,28168000,1988,3687000,13.09
CA,29063000,1989,3772000,12.98
CA,29760021,1990,4128000,13.87
CA,30380000,1991,4825000,15.88
CA,30867000,1992,5197000,16.84
CA,31211000,1993,5803000,18.59
CA,31431000,1994,5658000,18
CA,31589000,1995,5342000,16.91
CA,31878000,1996,5472000,17.17
CA,32268000,1997,5459000,16.92
CA,32667000,1998,5118000,15.67
CA,33145121,1999,4733000,14.28
CA,33871648,2000,4294000,12.68
CA,34600463,2001,4321000,12.49
CA,35001986,2002,4605000,13.16
CA,35462712,2003,4634000,13.07
CA,35842038,2004,4724000,13.18
CA,36154147,2005,4716000,13.04
CA,36457549,2006,4427000,12.14
CA,36553215,2007,4589000,12.55
CA,36756666,2008,5344000,14.54
CA,36961664,2009,5638000,15.25
CA,37338198,2010,6073000,16.26
CA,37683933,2011,6352000,16.86
CA,37999878,2012,6015000,15.83
CA,38431393,2013,5675000,14.77
CA,38792291,2014,6112000,15.76
CA,38993940,2015,5441000,13.95
CA,39296476,2016,5435000,13.83
CA,39399349,2017,4872000,12.37
CA,39557045,2018,4664000,11.79
CO,2878407,1980,247000,8.58
CO,2963000,1981,285000,9.62
CO,3045000,1982,387000,12.71
CO,3139000,1983,390000,12.42
CO,3178000,1984,274000,8.62
CO,3231000,1985,324000,10.03
CO,3267000,1986,426000,13.04
CO,3296000,1987,398000,12.08
CO,3290000,1988,405000,12.31
CO,3317000,1989,393000,11.85
CO,3294394,1990,461000,13.99
CO,3377000,1991,347000,10.28
CO,3470000,1992,376000,10.84
CO,3566000,1993,354000,9.93
CO,3656000,1994,335000,9.16
CO,3747000,1995,335000,8.94
CO,3823000,1996,412000,10.78
CO,3893000,1997,320000,8.22
CO,3971000,1998,363000,9.14
CO,4056133,1999,366000,9.02
CO,4301261,2000,425000,9.88
CO,4430989,2001,383000,8.64
CO,4501051,2002,436000,9.69
CO,4547633,2003,436000,9.59
CO,4601821,2004,450000,9.78
CO,4663295,2005,530000,11.37
CO,4753377,2006,466000,9.8
CO,4861515,2007,478000,9.83
CO,4939456,2008,541000,10.95
CO,5024748,2009,613000,12.2
CO,5047692,2010,615000,12.18
CO,5116302,2011,661000,12.92
CO,5189458,2012,613000,11.81
CO,5272086,2013,560000,10.62
CO,5355588,2014,661000,12.34
CO,5448819,2015,538000,9.87
CO,5530105,2016,467000,8.44
CO,5615902,2017,427000,7.6
CO,5695564,2018,521000,9.15
CT,3095224,1980,255000,8.24
CT,3132000,1981,254000,8.11
CT,3153000,1982,254000,8.06
CT,3138000,1983,276000,8.8
CT,3154000,1984,218000,6.91
CT,3174000,1985,237000,7.47
CT,3189000,1986,186000,5.83
CT,3211000,1987,207000,6.45
CT,3241000,1988,128000,3.95
CT,3239000,1989,90000,2.78
CT,3287116,1990,196000,5.96
CT,3291000,1991,287000,8.72
CT,3281000,1992,321000,9.78
CT,3277000,1993,277000,8.45
CT,3275000,1994,344000,10.5
CT,3275000,1995,318000,9.71
CT,3274000,1996,392000,11.97
CT,3270000,1997,282000,8.62
CT,3274000,1998,310000,9.47
CT,3282031,1999,246000,7.5
CT,3405565,2000,258000,7.58
CT,3434602,2001,249000,7.25
CT,3458587,2002,279000,8.07
CT,3486960,2003,278000,7.97
CT,3498966,2004,352000,10.06
CT,3500701,2005,326000,9.31
CT,3504809,2006,275000,7.85
CT,3502309,2007,309000,8.82
CT,3501252,2008,376000,10.74
CT,3518288,2009,292000,8.3
CT,3575498,2010,303000,8.47
CT,3586717,2011,356000,9.93
CT,3591765,2012,363000,10.11
CT,3599341,2013,400000,11.11
CT,3594762,2014,308000,8.57
CT,3584730,2015,324000,9.04
CT,3587685,2016,351000,9.78
CT,3573880,2017,388000,10.86
CT,3572665,2018,348000,9.74
DC,635233,1980,131000,20.62
DC,636000,1981,111000,17.45
DC,631000,1982,117000,18.54
DC,623000,1983,130000,20.87
DC,623000,1984,128000,20.55
DC,626000,1985,123000,19.65
DC,626000,1986,77000,12.3
DC,622000,1987,88000,14.15
DC,620000,1988,88000,14.19
DC,604000,1989,102000,16.89
DC,606900,1990,120000,19.77
DC,598000,1991,98000,16.39
DC,589000,1992,120000,20.37
DC,578000,1993,158000,27.34
DC,570000,1994,129000,22.63
DC,554000,1995,122000,22.02
DC,543000,1996,130000,23.94
DC,529000,1997,113000,21.36
DC,523000,1998,114000,21.8
DC,519000,1999,80000,15.41
DC,572059,2000,84000,14.68
DC,573822,2001,101000,17.6
DC,569157,2002,97000,17.04
DC,557620,2003,92000,16.5
DC,554239,2004,93000,16.78
DC,582049,2005,115000,19.76
DC,581530,2006,104000,17.88
DC,588292,2007,104000,17.68
DC,591833,2008,98000,16.56
DC,599657,2009,107000,17.84
DC,604912,2010,118000,19.51
DC,619020,2011,123000,19.87
DC,633427,2012,116000,18.31
DC,649111,2013,139000,21.41
DC,659836,2014,125000,18.94
DC,670377,2015,113000,16.86
DC,684336,2016,112000,16.37
DC,695691,2017,94000,13.51
DC,702455,2018,102000,14.52
DE,594779,1980,68000,11.43
DE,598000,1981,72000,12.04
DE,602000,1982,70000,11.63
DE,606000,1983,52000,8.58
DE,613000,1984,63000,10.28
DE,622000,1985,71000,11.41
DE,633000,1986,79000,12.48
DE,644000,1987,42000,6.52
DE,660000,1988,57000,8.64
DE,673000,1989,68000,10.1
DE,666168,1990,48000,7.21
DE,680000,1991,53000,7.79
DE,689000,1992,55000,7.98
DE,700000,1993,73000,10.43
DE,706000,1994,57000,8.07
DE,717000,1995,74000,10.32
DE,725000,1996,63000,8.69
DE,732000,1997,72000,9.84
DE,744000,1998,80000,10.75
DE,753538,1999,80000,10.62
DE,783600,2000,65000,8.3
DE,796599,2001,53000,6.65
DE,805945,2002,73000,9.06
DE,818166,2003,60000,7.33
DE,830069,2004,74000,8.91
DE,841741,2005,78000,9.27
DE,853476,2006,80000,9.37
DE,864764,2007,80000,9.25
DE,873092,2008,82000,9.39
DE,885122,2009,109000,12.31
DE,899792,2010,109000,12.11
DE,908137,2011,123000,13.54
DE,917053,2012,121000,13.19
DE,925240,2013,127000,13.73
DE,935968,2014,103000,11
DE,944076,2015,106000,11.23
DE,952698,2016,110000,11.55
DE,957078,2017,89000,9.3
DE,967171,2018,72000,7.44
FL,9567112,1980,1692000,17.69
FL,10166000,1981,1704000,16.76
FL,10416000,1982,1601000,15.37
FL,10680000,1983,1595000,14.93
FL,10976000,1984,1693000,15.42
FL,11366000,1985,1551000,13.65
FL,11675000,1986,1342000,11.49
FL,12023000,1987,1523000,12.67
FL,12377000,1988,1704000,13.77
FL,12671000,1989,1590000,12.55
FL,12937926,1990,1896000,14.65
FL,13277000,1991,2069000,15.58
FL,13488000,1992,2139000,15.86
FL,13679000,1993,2507000,18.33
FL,13953000,1994,2128000,15.25
FL,14166000,1995,2321000,16.38
FL,14400000,1996,2037000,14.15
FL,14654000,1997,2056000,14.03
FL,14916000,1998,1923000,12.89
FL,15111244,1999,1937000,12.82
FL,15982378,2000,1754000,10.97
FL,16373330,2001,2077000,12.69
FL,16691701,2002,2058000,12.33
FL,16999181,2003,2148000,12.64
FL,17385430,2004,2028000,11.66
FL,17768191,2005,1975000,11.12
FL,18089888,2006,2068000,11.43
FL,18251243,2007,2250000,12.33
FL,18328340,2008,2370000,12.93
FL,18537969,2009,2676000,14.44
FL,18838613,2010,3006000,15.96
FL,19082262,2011,2822000,14.79
FL,19320749,2012,2926000,15.14
FL,19600311,2013,2888000,14.73
FL,19905569,2014,3282000,16.49
FL,20244914,2015,3253000,16.07
FL,20656589,2016,2659000,12.87
FL,20976812,2017,2864000,13.65
FL,21299325,2018,2883000,13.54
GA,5400851,1980,727000,13.46
GA,5569000,1981,881000,15.82
GA,5639000,1982,1074000,19.05
GA,5732000,1983,1050000,18.32
GA,5837000,1984,981000,16.81
GA,5976000,1985,1037000,17.35
GA,6104000,1986,879000,14.4
GA,6222000,1987,883000,14.19
GA,6401000,1988,875000,13.67
GA,6436000,1989,929000,14.43
GA,6478216,1990,1001000,15.45
GA,6623000,1991,1077000,16.26
GA,6751000,1992,1177000,17.43
GA,6917000,1993,919000,13.29
GA,7055000,1994,1012000,14.34
GA,7201000,1995,878000,12.19
GA,7353000,1996,1097000,14.92
GA,7486000,1997,1109000,14.81
GA,7642000,1998,1034000,13.53
GA,7788240,1999,1011000,12.98
GA,8186453,2000,982000,12
GA,8405677,2001,1069000,12.72
GA,8544005,2002,939000,10.99
GA,8676460,2003,1014000,11.69
GA,8918129,2004,1132000,12.69
GA,9132553,2005,1298000,14.21
GA,9363941,2006,1172000,12.52
GA,9544750,2007,1294000,13.56
GA,9685744,2008,1477000,15.25
GA,9829211,2009,1775000,18.06
GA,9712157,2010,1814000,18.68
GA,9812460,2011,1783000,18.17
GA,9915646,2012,1752000,17.67
GA,9994759,2013,1592000,15.93
GA,10097132,2014,1676000,16.6
GA,10199398,2015,1833000,17.97
GA,10313620,2016,1580000,15.32
GA,10413055,2017,1356000,13.02
GA,10519475,2018,1548000,14.72
HI,964680,1980,81000,8.4
HI,979000,1981,108000,11.03
HI,994000,1982,132000,13.28
HI,1023000,1983,129000,12.61
HI,1039000,1984,92000,8.85
HI,1054000,1985,109000,10.34
HI,1062000,1986,109000,10.26
HI,1083000,1987,95000,8.77
HI,1093000,1988,117000,10.7
HI,1112000,1989,122000,10.97
HI,1108229,1990,121000,10.92
HI,1135000,1991,90000,7.93
HI,1160000,1992,133000,11.47
HI,1172000,1993,91000,7.76
HI,1179000,1994,97000,8.23
HI,1187000,1995,122000,10.28
HI,1184000,1996,142000,11.99
HI,1187000,1997,164000,13.82
HI,1193000,1998,131000,10.98
HI,1185497,1999,133000,11.22
HI,1211537,2000,106000,8.75
HI,1227024,2001,138000,11.25
HI,1240663,2002,138000,11.12
HI,1248755,2003,117000,9.37
HI,1262124,2004,106000,8.4
HI,1273278,2005,110000,8.64
HI,1285498,2006,116000,9.02
HI,1283388,2007,94000,7.32
HI,1288198,2008,125000,9.7
HI,1295178,2009,156000,12.04
HI,1363359,2010,162000,11.88
HI,1378129,2011,162000,11.76
HI,1390090,2012,188000,13.52
HI,1408987,2013,152000,10.79
HI,1420257,2014,147000,10.35
HI,1431603,2015,151000,10.55
HI,1428683,2016,129000,9.03
HI,1424203,2017,144000,10.11
HI,1420491,2018,128000,9.01
IA,2907804,1980,311000,10.7
IA,2897000,1981,368000,12.7
IA,2905000,1982,371000,12.77
IA,2905000,1983,473000,16.28
IA,2910000,1984,419000,14.4
IA,2884000,1985,505000,17.51
IA,2851000,1986,376000,13.19
IA,2834000,1987,419000,14.78
IA,2834000,1988,263000,9.28
IA,2840000,1989,291000,10.25
IA,2776755,1990,289000,10.41
IA,2795000,1991,271000,9.7
IA,2812000,1992,328000,11.66
IA,2814000,1993,290000,10.31
IA,2829000,1994,302000,10.68
IA,2842000,1995,352000,12.39
IA,2852000,1996,279000,9.78
IA,2852000,1997,270000,9.47
IA,2862000,1998,257000,8.98
IA,2869413,1999,210000,7.32
IA,2926324,2000,237000,8.1
IA,2931967,2001,212000,7.23
IA,2935840,2002,267000,9.09
IA,2941976,2003,260000,8.84
IA,2952904,2004,316000,10.7
IA,2965524,2005,327000,11.03
IA,2982085,2006,301000,10.09
IA,2988046,2007,264000,8.84
IA,3002555,2008,285000,9.49
IA,3007856,2009,319000,10.61
IA,3050202,2010,307000,10.06
IA,3064097,2011,315000,10.28
IA,3075039,2012,310000,10.08
IA,3092341,2013,330000,10.67
IA,3109481,2014,317000,10.19
IA,3121997,2015,321000,10.28
IA,3130869,2016,302000,9.65
IA,3143637,2017,278000,8.84
IA,3156145,2018,277000,8.78
ID,943629,1980,138000,14.62
ID,959000,1981,171000,17.83
ID,965000,1982,151000,15.65
ID,989000,1983,174000,17.59
ID,1001000,1984,171000,17.08
ID,1005000,1985,159000,15.82
ID,1003000,1986,180000,17.95
ID,998000,1987,150000,15.03
ID,999000,1988,124000,12.41
ID,1014000,1989,126000,12.43
ID,1006749,1990,157000,15.59
ID,1039000,1991,144000,13.86
ID,1067000,1992,166000,15.56
ID,1099000,1993,150000,13.65
ID,1133000,1994,137000,12.09
ID,1163000,1995,167000,14.36
ID,1189000,1996,140000,11.77
ID,1210000,1997,183000,15.12
ID,1229000,1998,165000,13.43
ID,1251700,1999,175000,13.98
ID,1293953,2000,162000,12.52
ID,1320585,2001,151000,11.43
ID,1343124,2002,147000,10.94
ID,1367034,2003,138000,10.09
ID,1395140,2004,136000,9.75
ID,1429367,2005,143000,10
ID,1466465,2006,141000,9.61
ID,1499402,2007,149000,9.94
ID,1523816,2008,185000,12.14
ID,1545801,2009,209000,13.52
ID,1571102,2010,213000,13.56
ID,1583744,2011,248000,15.66
ID,1595590,2012,229000,14.35
ID,1612843,2013,205000,12.71
ID,1634806,2014,199000,12.17
ID,1652828,2015,204000,12.34
ID,1680026,2016,187000,11.13
ID,1718904,2017,202000,11.75
ID,1754208,2018,202000,11.52
IL,11355062,1980,1386000,12.21
IL,11455000,1981,1371000,11.97
IL,11448000,1982,1512000,13.21
IL,11486000,1983,1617000,14.08
IL,11511000,1984,1753000,15.23
IL,11535000,1985,1830000,15.86
IL,11533000,1986,1517000,13.15
IL,11582000,1987,1655000,14.29
IL,11544000,1988,1436000,12.44
IL,11658000,1989,1470000,12.61
IL,11430602,1990,1606000,14.05
IL,11543000,1991,1598000,13.84
IL,11631000,1992,1857000,15.97
IL,11697000,1993,1600000,13.68
IL,11752000,1994,1464000,12.46
IL,11830000,1995,1459000,12.33
IL,11847000,1996,1429000,12.06
IL,11896000,1997,1349000,11.34
IL,12045000,1998,1234000,10.24
IL,12128370,1999,1215000,10.02
IL,12419293,2000,1307000,10.52
IL,12520227,2001,1249000,9.98
IL,12586447,2002,1594000,12.66
IL,12649087,2003,1592000,12.59
IL,12712016,2004,1546000,12.16
IL,12765427,2005,1441000,11.29
IL,12831970,2006,1338000,10.43
IL,12852548,2007,1262000,9.82
IL,12901563,2008,1564000,12.12
IL,12910409,2009,1690000,13.09
IL,12841980,2010,1798000,14
IL,12859752,2011,1807000,14.05
IL,12868192,2012,1608000,12.5
IL,12890552,2013,1695000,13.15
IL,12882189,2014,1756000,13.63
IL,12839047,2015,1380000,10.75
IL,12835726,2016,1517000,11.82
IL,12786196,2017,1379000,10.79
IL,12741080,2018,1292000,10.14
IN,5461103,1980,645000,11.81
IN,5466000,1981,685000,12.53
IN,5471000,1982,683000,12.48
IN,5479000,1983,865000,15.79
IN,5498000,1984,697000,12.68
IN,5499000,1985,639000,11.62
IN,5504000,1986,674000,12.25
IN,5531000,1987,597000,10.79
IN,5575000,1988,560000,10.04
IN,5593000,1989,749000,13.39
IN,5544159,1990,714000,12.88
IN,5610000,1991,866000,15.44
IN,5662000,1992,661000,11.67
IN,5713000,1993,704000,12.32
IN,5752000,1994,816000,14.19
IN,5803000,1995,545000,9.39
IN,5841000,1996,428000,7.33
IN,5864000,1997,515000,8.78
IN,5899000,1998,547000,9.27
IN,5942901,1999,396000,6.66
IN,6080485,2000,513000,8.44
IN,6126743,2001,511000,8.34
IN,6156913,2002,552000,8.97
IN,6199571,2003,610000,9.84
IN,6226537,2004,712000,11.43
IN,6266019,2005,774000,12.35
IN,6313520,2006,674000,10.68
IN,6345289,2007,740000,11.66
IN,6376792,2008,901000,14.13
IN,6423113,2009,1023000,15.93
IN,6490622,2010,1041000,16.04
IN,6516353,2011,989000,15.18
IN,6537782,2012,964000,14.75
IN,6570713,2013,743000,11.31
IN,6597880,2014,948000,14.37
IN,6612768,2015,880000,13.31
IN,6634007,2016,768000,11.58
IN,6660082,2017,748000,11.23
IN,6691878,2018,761000,11.37
KS,2354783,1980,215000,9.13
KS,2381000,1981,267000,11.21
KS,2408000,1982,247000,10.26
KS,2425000,1983,321000,13.24
KS,2438000,1984,260000,10.66
KS,2450000,1985,331000,13.51
KS,2461000,1986,269000,10.93
KS,2476000,1987,225000,9.09
KS,2487000,1988,195000,7.84
KS,2513000,1989,262000,10.43
KS,2477574,1990,259000,10.45
KS,2495000,1991,317000,12.71
KS,2523000,1992,279000,11.06
KS,2531000,1993,327000,12.92
KS,2554000,1994,375000,14.68
KS,2565000,1995,273000,10.64
KS,2572000,1996,287000,11.16
KS,2595000,1997,250000,9.63
KS,2629000,1998,250000,9.51
KS,2654052,1999,320000,12.06
KS,2688418,2000,213000,7.92
KS,2702125,2001,267000,9.88
KS,2711769,2002,269000,9.92
KS,2724786,2003,288000,10.57
KS,2733697,2004,304000,11.12
KS,2748172,2005,337000,12.26
KS,2764075,2006,349000,12.63
KS,2775997,2007,319000,11.49
KS,2802134,2008,346000,12.35
KS,2818747,2009,374000,13.27
KS,2859143,2010,400000,13.99
KS,2870386,2011,402000,14.01
KS,2885398,2012,397000,13.76
KS,2895801,2013,373000,12.88
KS,2902507,2014,345000,11.89
KS,2906721,2015,404000,13.9
KS,2907731,2016,321000,11.04
KS,2910689,2017,421000,14.46
KS,2911505,2018,212000,7.28
KY,3641479,1980,701000,19.25
KY,3661000,1981,708000,19.34
KY,3667000,1982,587000,16.01
KY,3714000,1983,670000,18.04
KY,3723000,1984,709000,19.04
KY,3726000,1985,708000,19
KY,3728000,1986,630000,16.9
KY,3727000,1987,634000,17.01
KY,3721000,1988,634000,17.04
KY,3727000,1989,576000,15.45
KY,3685296,1990,628000,17.04
KY,3713000,1991,683000,18.39
KY,3755000,1992,731000,19.47
KY,3789000,1993,763000,20.14
KY,3827000,1994,710000,18.55
KY,3860000,1995,572000,14.82
KY,3884000,1996,658000,16.94
KY,3908000,1997,623000,15.94
KY,3936000,1998,521000,13.24
KY,3960825,1999,467000,11.79
KY,4041769,2000,502000,12.42
KY,4068816,2001,503000,12.36
KY,4089822,2002,571000,13.96
KY,4118189,2003,589000,14.3
KY,4141835,2004,723000,17.46
KY,4172608,2005,599000,14.36
KY,4206074,2006,690000,16.4
KY,4241474,2007,653000,15.4
KY,4269245,2008,724000,16.96
KY,4314113,2009,727000,16.85
KY,4347223,2010,754000,17.34
KY,4366814,2011,689000,15.78
KY,4379730,2012,776000,17.72
KY,4399583,2013,871000,19.8
KY,4412617,2014,861000,19.51
KY,4424611,2015,851000,19.23
KY,4436113,2016,667000,15.04
KY,4453874,2017,633000,14.21
KY,4468402,2018,696000,15.58
LA,4199542,1980,868000,20.67
LA,4305000,1981,938000,21.79
LA,4362000,1982,976000,22.38
LA,4438000,1983,939000,21.16
LA,4462000,1984,888000,19.9
LA,4481000,1985,781000,17.43
LA,4501000,1986,953000,21.17
LA,4461000,1987,1071000,24.01
LA,4420000,1988,968000,21.9
LA,4382000,1989,950000,21.68
LA,4219973,1990,952000,22.56
LA,4252000,1991,795000,18.7
LA,4287000,1992,1043000,24.33
LA,4295000,1993,1119000,26.05
LA,4315000,1994,1117000,25.89
LA,4342000,1995,849000,19.55
LA,4351000,1996,873000,20.06
LA,4352000,1997,691000,15.88
LA,4369000,1998,821000,18.79
LA,4372035,1999,823000,18.82
LA,4468976,2000,750000,16.78
LA,4470368,2001,709000,15.86
LA,4476192,2002,777000,17.36
LA,4493665,2003,750000,16.69
LA,4506685,2004,744000,16.51
LA,4507331,2005,748000,16.6
LA,4287768,2006,713000,16.63
LA,4293204,2007,673000,15.68
LA,4410796,2008,788000,17.87
LA,4492076,2009,636000,14.16
LA,4545343,2010,949000,20.88
LA,4574766,2011,947000,20.7
LA,4602134,2012,944000,20.51
LA,4629284,2013,863000,18.64
LA,4648990,2014,1049000,22.56
LA,4668960,2015,854000,18.29
LA,4686157,2016,923000,19.7
LA,4670818,2017,970000,20.77
LA,4659978,2018,858000,18.41
MA,5728288,1980,542000,9.46
MA,5770000,1981,518000,8.98
MA,5781000,1982,590000,10.21
MA,5767000,1983,443000,7.68
MA,5798000,1984,519000,8.95
MA,5822000,1985,544000,9.34
MA,5832000,1986,538000,9.22
MA,5855000,1987,477000,8.15
MA,5871000,1988,497000,8.47
MA,5913000,1989,513000,8.68
MA,6016425,1990,626000,10.4
MA,5996000,1991,637000,10.62
MA,5998000,1992,600000,10
MA,6012000,1993,641000,10.66
MA,6041000,1994,585000,9.68
MA,6074000,1995,665000,10.95
MA,6092000,1996,622000,10.21
MA,6118000,1997,732000,11.96
MA,6147000,1998,528000,8.59
MA,6175169,1999,738000,11.95
MA,6349097,2000,618000,9.73
MA,6401164,2001,561000,8.76
MA,6421800,2002,648000,10.09
MA,6420357,2003,652000,10.16
MA,6407382,2004,594000,9.27
MA,6433367,2005,641000,9.96
MA,6437193,2006,758000,11.78
MA,6449755,2007,707000,10.96
MA,6497967,2008,727000,11.19
MA,6593587,2009,717000,10.87
MA,6555466,2010,711000,10.85
MA,6607003,2011,688000,10.41
MA,6645303,2012,743000,11.18
MA,6708874,2013,784000,11.69
MA,6755124,2014,902000,13.35
MA,6784240,2015,782000,11.53
MA,6823721,2016,649000,9.51
MA,6863246,2017,724000,10.55
MA,6902149,2018,601000,8.71
MD,4192211,1980,389000,9.28
MD,4261000,1981,442000,10.37
MD,4265000,1982,516000,12.1
MD,4304000,1983,358000,8.32
MD,4349000,1984,358000,8.23
MD,4392000,1985,364000,8.29
MD,4463000,1986,414000,9.28
MD,4535000,1987,420000,9.26
MD,4644000,1988,457000,9.84
MD,4694000,1989,411000,8.76
MD,4781468,1990,468000,9.79
MD,4860000,1991,432000,8.89
MD,4908000,1992,583000,11.88
MD,4965000,1993,479000,9.65
MD,5006000,1994,541000,10.81
MD,5042000,1995,520000,10.31
MD,5072000,1996,522000,10.29
MD,5094000,1997,422000,8.28
MD,5135000,1998,359000,6.99
MD,5171634,1999,367000,7.1
MD,5296486,2000,386000,7.29
MD,5386079,2001,385000,7.15
MD,5450525,2002,400000,7.34
MD,5512310,2003,472000,8.56
MD,5561332,2004,550000,9.89
MD,5589599,2005,542000,9.7
MD,5615727,2006,469000,8.35
MD,5618344,2007,491000,8.74
MD,5633597,2008,481000,8.54
MD,5699478,2009,543000,9.53
MD,5785681,2010,628000,10.85
MD,5839572,2011,537000,9.2
MD,5884868,2012,585000,9.94
MD,5938737,2013,611000,10.29
MD,5975346,2014,584000,9.77
MD,5994983,2015,566000,9.44
MD,6024752,2016,424000,7.04
MD,6024891,2017,467000,7.75
MD,6042718,2018,480000,7.94
ME,1123670,1980,158000,14.06
ME,1132000,1981,179000,15.81
ME,1133000,1982,156000,13.77
ME,1146000,1983,144000,12.57
ME,1156000,1984,152000,13.15
ME,1164000,1985,134000,11.51
ME,1174000,1986,115000,9.8
ME,1187000,1987,134000,11.29
ME,1206000,1988,159000,13.18
ME,1222000,1989,128000,10.47
ME,1227928,1990,162000,13.19
ME,1235000,1991,171000,13.85
ME,1235000,1992,167000,13.52
ME,1239000,1993,196000,15.82
ME,1240000,1994,113000,9.11
ME,1241000,1995,138000,11.12
ME,1243000,1996,135000,10.86
ME,1242000,1997,124000,9.98
ME,1244000,1998,131000,10.53
ME,1253040,1999,134000,10.69
ME,1274923,2000,128000,10.04
ME,1284470,2001,132000,10.28
ME,1294894,2002,170000,13.13
ME,1309205,2003,149000,11.38
ME,1314985,2004,149000,11.33
ME,1318220,2005,166000,12.59
ME,1321574,2006,134000,10.14
ME,1317207,2007,142000,10.78
ME,1316456,2008,158000,12
ME,1318301,2009,148000,11.23
ME,1327379,2010,164000,12.36
ME,1328544,2011,178000,13.4
ME,1328501,2012,170000,12.8
ME,1328702,2013,161000,12.12
ME,1330256,2014,190000,14.28
ME,1329453,2015,165000,12.41
ME,1330232,2016,167000,12.55
ME,1335063,2017,158000,11.83
ME,1338404,2018,153000,11.43
MI,9228128,1980,1194000,12.94
MI,9201000,1981,1184000,12.87
MI,9109000,1982,1481000,16.26
MI,9069000,1983,1518000,16.74
MI,9075000,1984,1495000,16.47
MI,9088000,1985,1308000,14.39
MI,9145000,1986,1267000,13.85
MI,9200000,1987,1095000,11.9
MI,9300000,1988,1112000,11.96
MI,9273000,1989,1228000,13.24
MI,9295297,1990,1315000,14.15
MI,9368000,1991,1308000,13.96
MI,9437000,1992,1271000,13.47
MI,9478000,1993,1475000,15.56
MI,9496000,1994,1347000,14.18
MI,9549000,1995,1174000,12.29
MI,9594000,1996,1068000,11.13
MI,9774000,1997,1006000,10.29
MI,9817000,1998,1097000,11.17
MI,9863775,1999,978000,9.92
MI,9938444,2000,967000,9.73
MI,10006266,2001,927000,9.26
MI,10043221,2002,1152000,11.47
MI,10082364,2003,1125000,11.16
MI,10104206,2004,1318000,13.04
MI,10100833,2005,1196000,11.84
MI,10095643,2006,1323000,13.1
MI,10071822,2007,1076000,10.68
MI,10003422,2008,1273000,12.73
MI,9969727,2009,1376000,13.8
MI,9877143,2010,1530000,15.49
MI,9876801,2011,1449000,14.67
MI,9882519,2012,1331000,13.47
MI,9898193,2013,1428000,14.43
MI,9916306,2014,1462000,14.74
MI,9917715,2015,1259000,12.69
MI,9933445,2016,1091000,10.98
MI,9976447,2017,1259000,12.62
MI,9995915,2018,1036000,10.36
MN,4061235,1980,342000,8.42
MN,4090000,1981,438000,10.71
MN,4133000,1982,546000,13.21
MN,4144000,1983,502000,12.11
MN,4162000,1984,381000,9.15
MN,4193000,1985,523000,12.47
MN,4214000,1986,517000,12.27
MN,4246000,1987,484000,11.4
MN,4306000,1988,514000,11.94
MN,4353000,1989,478000,10.98
MN,4375099,1990,524000,11.98
MN,4432000,1991,564000,12.73
MN,4480000,1992,561000,12.52
MN,4517000,1993,506000,11.2
MN,4567000,1994,523000,11.45
MN,4610000,1995,427000,9.26
MN,4658000,1996,458000,9.83
MN,4686000,1997,457000,9.75
MN,4725000,1998,498000,10.54
MN,4775508,1999,354000,7.41
MN,4919479,2000,276000,5.61
MN,4984535,2001,361000,7.24
MN,5024791,2002,325000,6.47
MN,5064172,2003,376000,7.42
MN,5096546,2004,356000,6.99
MN,5126739,2005,412000,8.04
MN,5167101,2006,422000,8.17
MN,5197621,2007,482000,9.27
MN,5220393,2008,506000,9.69
MN,5266214,2009,576000,10.94
MN,5310658,2010,563000,10.6
MN,5347299,2011,528000,9.87
MN,5379646,2012,534000,9.93
MN,5422060,2013,649000,11.97
MN,5457125,2014,447000,8.19
MN,5482435,2015,428000,7.81
MN,5525050,2016,470000,8.51
MN,5568155,2017,519000,9.32
MN,5611179,2018,456000,8.13
MO,4901288,1980,625000,12.75
MO,4938000,1981,634000,12.84
MO,4951000,1982,699000,14.12
MO,4970000,1983,807000,16.24
MO,5008000,1984,720000,14.38
MO,5029000,1985,689000,13.7
MO,5066000,1986,722000,14.25
MO,5103000,1987,716000,14.03
MO,5139000,1988,662000,12.88
MO,5159000,1989,654000,12.68
MO,5117073,1990,700000,13.68
MO,5158000,1991,740000,14.35
MO,5193000,1992,795000,15.31
MO,5234000,1993,832000,15.9
MO,5278000,1994,797000,15.1
MO,5324000,1995,484000,9.09
MO,5359000,1996,500000,9.33
MO,5402000,1997,627000,11.61
MO,5439000,1998,531000,9.76
MO,5468338,1999,647000,11.83
MO,5595211,2000,505000,9.03
MO,5637309,2001,537000,9.53
MO,5669544,2002,122000,2.15
MO,5719204,2003,602000,10.53
MO,5759532,2004,129000,2.24
MO,5797703,2005,659000,11.37
MO,5842713,2006,659000,11.28
MO,5878415,2007,742000,12.62
MO,5911605,2008,780000,13.19
MO,5987580,2009,926000,15.47
MO,5995715,2010,890000,14.84
MO,6008984,2011,910000,15.14
MO,6024522,2012,905000,15.02
MO,6044917,2013,824000,13.63
MO,6063827,2014,620000,10.22
MO,6076204,2015,582000,9.58
MO,6091176,2016,762000,12.51
MO,6108612,2017,666000,10.9
MO,6126452,2018,745000,12.16
MS,2511491,1980,591000,23.53
MS,2530000,1981,618000,24.43
MS,2551000,1982,562000,22.03
MS,2587000,1983,669000,25.86
MS,2598000,1984,628000,24.17
MS,2613000,1985,644000,24.65
MS,2625000,1986,695000,26.48
MS,2625000,1987,637000,24.27
MS,2627000,1988,704000,26.8
MS,2621000,1989,566000,21.59
MS,2573216,1990,684000,26.58
MS,2592000,1991,635000,24.5
MS,2614000,1992,671000,25.67
MS,2643000,1993,639000,24.18
MS,2669000,1994,515000,19.3
MS,2697000,1995,630000,23.36
MS,2716000,1996,575000,21.17
MS,2731000,1997,455000,16.66
MS,2752000,1998,486000,17.66
MS,2768619,1999,446000,16.11
MS,2844658,2000,418000,14.69
MS,2859733,2001,539000,18.85
MS,2866733,2002,513000,17.89
MS,2882594,2003,456000,15.82
MS,2900768,2004,536000,18.48
MS,2908496,2005,571000,19.63
MS,2910540,2006,596000,20.48
MS,2918785,2007,655000,22.44
MS,2938618,2008,525000,17.87
MS,2951996,2009,658000,22.29
MS,2970072,2010,658000,22.15
MS,2977457,2011,510000,17.13
MS,2986450,2012,636000,21.3
MS,2992206,2013,657000,21.96
MS,2993443,2014,654000,21.85
MS,2989390,2015,563000,18.83
MS,2985415,2016,622000,20.83
MS,2989663,2017,538000,18
MS,2986530,2018,567000,18.99
MT,781592,1980,102000,13.05
MT,792000,1981,107000,13.51
MT,801000,1982,134000,16.73
MT,817000,1983,125000,15.3
MT,824000,1984,115000,13.96
MT,826000,1985,134000,16.22
MT,819000,1986,136000,16.61
MT,809000,1987,144000,17.8
MT,804000,1988,116000,14.43
MT,806000,1989,127000,15.76
MT,799065,1990,134000,16.77
MT,808000,1991,127000,15.72
MT,824000,1992,118000,14.32
MT,839000,1993,127000,15.14
MT,856000,1994,97000,11.33
MT,870000,1995,133000,15.29
MT,879000,1996,155000,17.63
MT,879000,1997,139000,15.81
MT,880000,1998,153000,17.39
MT,882779,1999,141000,15.97
MT,902195,2000,126000,13.97
MT,905382,2001,119000,13.14
MT,910372,2002,122000,13.4
MT,918157,2003,139000,15.14
MT,926920,2004,129000,13.92
MT,934737,2005,128000,13.69
MT,944632,2006,125000,13.23
MT,957861,2007,122000,12.74
MT,967440,2008,125000,12.92
MT,974989,2009,131000,13.44
MT,990958,2010,142000,14.33
MT,997667,2011,163000,16.34
MT,1005494,2012,134000,13.33
MT,1014864,2013,145000,14.29
MT,1023252,2014,121000,11.83
MT,1032073,2015,121000,11.72
MT,1038656,2016,121000,11.65
MT,1053090,2017,101000,9.59
MT,1062305,2018,107000,10.07
NC,5843665,1980,877000,15.01
NC,5951000,1981,1016000,17.07
NC,6019000,1982,1201000,19.95
NC,6082000,1983,933000,15.34
NC,6165000,1984,860000,13.95
NC,6255000,1985,863000,13.8
NC,6331000,1986,884000,13.96
NC,6413000,1987,853000,13.3
NC,6526000,1988,796000,12.2
NC,6571000,1989,770000,11.72
NC,6628637,1990,829000,12.51
NC,6737000,1991,964000,14.31
NC,6843000,1992,1080000,15.78
NC,6945000,1993,966000,13.91
NC,7070000,1994,980000,13.86
NC,7195000,1995,877000,12.19
NC,7323000,1996,885000,12.09
NC,7425000,1997,839000,11.3
NC,7546000,1998,1039000,13.77
NC,7650789,1999,1069000,13.97
NC,8049313,2000,1000000,12.42
NC,8206105,2001,1013000,12.34
NC,8305820,2002,1165000,14.03
NC,8421190,2003,1289000,15.31
NC,8540468,2004,1229000,14.39
NC,8672459,2005,1115000,12.86
NC,8856505,2006,1225000,13.83
NC,9061032,2007,1423000,15.7
NC,9222414,2008,1285000,13.93
NC,9380884,2009,1576000,16.8
NC,9560234,2010,1633000,17.08
NC,9651103,2011,1459000,15.12
NC,9748364,2012,1652000,16.95
NC,9848917,2013,1793000,18.21
NC,9940387,2014,1678000,16.88
NC,10035186,2015,1509000,15.04
NC,10156689,2016,1363000,13.42
NC,10270800,2017,1494000,14.55
NC,10383620,2018,1355000,13.05
ND,652437,1980,99000,15.17
ND,658000,1981,89000,13.53
ND,670000,1982,85000,12.69
ND,680000,1983,103000,15.15
ND,686000,1984,106000,15.45
ND,685000,1985,108000,15.77
ND,679000,1986,88000,12.96
ND,672000,1987,75000,11.16
ND,663000,1988,76000,11.46
ND,660000,1989,79000,11.97
ND,638800,1990,87000,13.62
ND,635000,1991,92000,14.49
ND,636000,1992,74000,11.64
ND,635000,1993,70000,11.02
ND,638000,1994,65000,10.19
ND,641000,1995,76000,11.86
ND,644000,1996,69000,10.71
ND,641000,1997,87000,13.57
ND,638000,1998,97000,15.2
ND,633666,1999,81000,12.78
ND,642200,2000,65000,10.12
ND,636550,2001,86000,13.51
ND,633911,2002,73000,11.52
ND,633400,2003,61000,9.63
ND,636308,2004,61000,9.59
ND,634605,2005,70000,11.03
ND,635867,2006,70000,11.01
ND,639715,2007,57000,8.91
ND,641481,2008,74000,11.54
ND,646844,2009,69000,10.67
ND,674629,2010,82000,12.15
ND,684740,2011,67000,9.78
ND,701345,2012,79000,11.26
ND,723857,2013,71000,9.81
ND,740040,2014,71000,9.59
ND,756835,2015,82000,10.83
ND,755548,2016,83000,10.99
ND,755176,2017,84000,11.12
ND,760077,2018,72000,9.47
NE,1563921,1980,199000,12.72
NE,1576000,1981,221000,14.02
NE,1586000,1982,216000,13.62
NE,1597000,1983,240000,15.03
NE,1606000,1984,213000,13.26
NE,1606000,1985,235000,14.63
NE,1598000,1986,220000,13.77
NE,1594000,1987,191000,11.98
NE,1601000,1988,164000,10.24
NE,1611000,1989,204000,12.66
NE,1578385,1990,167000,10.58
NE,1593000,1991,157000,9.86
NE,1606000,1992,169000,10.52
NE,1607000,1993,169000,10.52
NE,1623000,1994,146000,9
NE,1637000,1995,159000,9.71
NE,1652000,1996,169000,10.23
NE,1657000,1997,163000,9.84
NE,1663000,1998,211000,12.69
NE,1666028,1999,184000,11.04
NE,1711263,2000,145000,8.47
NE,1720039,2001,158000,9.19
NE,1727564,2002,181000,10.48
NE,1737475,2003,168000,9.67
NE,1747704,2004,163000,9.33
NE,1758163,2005,167000,9.5
NE,1768331,2006,180000,10.18
NE,1774571,2007,174000,9.81
NE,1783432,2008,188000,10.54
NE,1796619,2009,176000,9.8
NE,1830141,2010,184000,10.05
NE,1842234,2011,187000,10.15
NE,1855350,2012,226000,12.18
NE,1868969,2013,202000,10.81
NE,1882980,2014,221000,11.74
NE,1893765,2015,192000,10.14
NE,1907603,2016,179000,9.38
NE,1917575,2017,194000,10.12
NE,1929268,2018,199000,10.31
NH,919114,1980,63000,6.85
NH,935000,1981,70000,7.49
NH,951000,1982,97000,10.2
NH,959000,1983,76000,7.92
NH,977000,1984,68000,6.96
NH,998000,1985,59000,5.91
NH,1027000,1986,37000,3.6
NH,1057000,1987,51000,4.82
NH,1097000,1988,73000,6.65
NH,1107000,1989,84000,7.59
NH,1109252,1990,68000,6.13
NH,1105000,1991,81000,7.33
NH,1111000,1992,97000,8.73
NH,1125000,1993,112000,9.96
NH,1137000,1994,87000,7.65
NH,1148000,1995,60000,5.23
NH,1162000,1996,73000,6.28
NH,1173000,1997,109000,9.29
NH,1185000,1998,119000,10.04
NH,1201134,1999,96000,7.99
NH,1235786,2000,56000,4.53
NH,1259359,2001,81000,6.43
NH,1274405,2002,73000,5.73
NH,1288705,2003,73000,5.66
NH,1299169,2004,71000,5.47
NH,1306819,2005,73000,5.59
NH,1314895,2006,71000,5.4
NH,1315828,2007,76000,5.78
NH,1315809,2008,91000,6.92
NH,1324575,2009,103000,7.78
NH,1316807,2010,84000,6.38
NH,1317807,2011,99000,7.51
NH,1321617,2012,106000,8.02
NH,1322616,2013,119000,9
NH,1327996,2014,95000,7.15
NH,1330111,2015,94000,7.07
NH,1335015,2016,84000,6.29
NH,1349767,2017,88000,6.52
NH,1356458,2018,82000,6.05
NJ,7342164,1980,659000,8.98
NJ,7401000,1981,736000,9.94
NJ,7438000,1982,896000,12.05
NJ,7468000,1983,828000,11.09
NJ,7515000,1984,758000,10.09
NJ,7562000,1985,631000,8.34
NJ,7620000,1986,679000,8.91
NJ,7672000,1987,626000,8.16
NJ,7720000,1988,475000,6.15
NJ,7736000,1989,622000,8.04
NJ,7730188,1990,711000,9.2
NJ,7760000,1991,754000,9.72
NJ,7789000,1992,803000,10.31
NJ,7879000,1993,866000,10.99
NJ,7904000,1994,730000,9.24
NJ,7945000,1995,617000,7.77
NJ,7988000,1996,726000,9.09
NJ,8053000,1997,737000,9.15
NJ,8115000,1998,693000,8.54
NJ,8143412,1999,646000,7.93
NJ,8414350,2000,612000,7.27
NJ,8511116,2001,683000,8.02
NJ,8575252,2002,681000,7.94
NJ,8642412,2003,741000,8.57
NJ,8685166,2004,693000,7.98
NJ,8703150,2005,592000,6.8
NJ,8724560,2006,762000,8.73
NJ,8685920,2007,742000,8.54
NJ,8682661,2008,787000,9.06
NJ,8707739,2009,806000,9.26
NJ,8799593,2010,966000,10.98
NJ,8834773,2011,988000,11.18
NJ,8867749,2012,814000,9.18
NJ,8911502,2013,984000,11.04
NJ,8938844,2014,1013000,11.33
NJ,8935421,2015,1004000,11.24
NJ,8978416,2016,828000,9.22
NJ,8888543,2017,774000,8.71
NJ,8908520,2018,725000,8.14
NM,1295474,1980,268000,20.69
NM,1327000,1981,243000,18.31
NM,1359000,1982,303000,22.3
NM,1399000,1983,340000,24.3
NM,1424000,1984,280000,19.66
NM,1450000,1985,267000,18.41
NM,1479000,1986,306000,20.69
NM,1500000,1987,280000,18.67
NM,1510000,1988,343000,22.72
NM,1528000,1989,297000,19.44
NM,1515069,1990,319000,21.06
NM,1548000,1991,349000,22.55
NM,1581000,1992,348000,22.01
NM,1616000,1993,282000,17.45
NM,1654000,1994,356000,21.52
NM,1685000,1995,457000,27.12
NM,1713000,1996,472000,27.55
NM,1730000,1997,387000,22.37
NM,1737000,1998,371000,21.36
NM,1739844,1999,383000,22.01
NM,1819046,2000,312000,17.15
NM,1830935,2001,323000,17.64
NM,1852044,2002,328000,17.71
NM,1878562,2003,338000,17.99
NM,1903006,2004,314000,16.5
NM,1925985,2005,347000,18.02
NM,1954599,2006,328000,16.78
NM,1969915,2007,271000,13.76
NM,1984356,2008,381000,19.2
NM,2009671,2009,381000,18.96
NM,2065913,2010,372000,18.01
NM,2078674,2011,451000,21.7
NM,2083540,2012,420000,20.16
NM,2086895,2013,454000,21.75
NM,2085567,2014,406000,19.47
NM,2080328,2015,400000,19.23
NM,2085432,2016,364000,17.45
NM,2093395,2017,380000,18.15
NM,2095428,2018,342000,16.32
NV,800312,1980,70000,8.75
NV,845000,1981,93000,11.01
NV,881000,1982,70000,7.95
NV,891000,1983,86000,9.65
NV,911000,1984,101000,11.09
NV,936000,1985,139000,14.85
NV,963000,1986,82000,8.52
NV,1007000,1987,107000,10.63
NV,1060000,1988,93000,8.77
NV,1111000,1989,121000,10.89
NV,1201833,1990,119000,9.9
NV,1284000,1991,141000,10.98
NV,1327000,1992,199000,15
NV,1389000,1993,141000,10.15
NV,1457000,1994,168000,11.53
NV,1530000,1995,173000,11.31
NV,1603000,1996,133000,8.3
NV,1677000,1997,190000,11.33
NV,1747000,1998,195000,11.16
NV,1809253,1999,229000,12.66
NV,1998257,2000,180000,9.01
NV,2097722,2001,152000,7.25
NV,2167455,2002,188000,8.67
NV,2242207,2003,244000,10.88
NV,2332898,2004,260000,11.14
NV,2412301,2005,260000,10.78
NV,2495529,2006,241000,9.66
NV,2565382,2007,250000,9.75
NV,2600167,2008,278000,10.69
NV,2643085,2009,343000,12.98
NV,2704283,2010,446000,16.49
NV,2720028,2011,414000,15.22
NV,2754354,2012,433000,15.72
NV,2791494,2013,480000,17.2
NV,2838281,2014,478000,16.84
NV,2883758,2015,371000,12.87
NV,2939254,2016,298000,10.14
NV,2972405,2017,409000,13.76
NV,3034392,2018,390000,12.85
NY,17506690,1980,2391000,13.66
NY,17594000,1981,2516000,14.3
NY,17659000,1982,2607000,14.76
NY,17667000,1983,2817000,15.94
NY,17735000,1984,2806000,15.82
NY,17783000,1985,2796000,15.72
NY,17772000,1986,2322000,13.07
NY,17825000,1987,2506000,14.06
NY,17898000,1988,2369000,13.24
NY,17950000,1989,2254000,12.56
NY,17990455,1990,2571000,14.29
NY,18058000,1991,2736000,15.15
NY,18119000,1992,2820000,15.56
NY,18197000,1993,2981000,16.38
NY,18169000,1994,3097000,17.05
NY,18136000,1995,3020000,16.65
NY,18185000,1996,3058000,16.82
NY,18137000,1997,2979000,16.42
NY,18175000,1998,3068000,16.88
NY,18196601,1999,2676000,14.71
NY,18976457,2000,2604000,13.72
NY,19084350,2001,2664000,13.96
NY,19134293,2002,2690000,14.06
NY,19212425,2003,2707000,14.09
NY,19280727,2004,2847000,14.77
NY,19315721,2005,2760000,14.29
NY,19306183,2006,2668000,13.82
NY,19297729,2007,2757000,14.29
NY,19490297,2008,2734000,14.03
NY,19541453,2009,3018000,15.44
NY,19395206,2010,3062000,15.79
NY,19501616,2011,3085000,15.82
NY,19576125,2012,3328000,17
NY,19695680,2013,2825000,14.34
NY,19748858,2014,2755000,13.95
NY,19747183,2015,2791000,14.13
NY,19836286,2016,2314000,11.67
NY,19590719,2017,2641000,13.48
NY,19542209,2018,2145000,10.98
OH,10766808,1980,1046000,9.72
OH,10776000,1981,1369000,12.7
OH,10791000,1982,1366000,12.66
OH,10746000,1983,1434000,13.34
OH,10752000,1984,1429000,13.29
OH,10744000,1985,1359000,12.65
OH,10752000,1986,1372000,12.76
OH,10784000,1987,1375000,12.75
OH,10872000,1988,1356000,12.47
OH,10907000,1989,1143000,10.48
OH,10847115,1990,1256000,11.58
OH,10939000,1991,1488000,13.6
OH,11016000,1992,1398000,12.69
OH,11091000,1993,1461000,13.17
OH,11102000,1994,1571000,14.15
OH,11151000,1995,1285000,11.52
OH,11173000,1996,1424000,12.75
OH,11186000,1997,1231000,11
OH,11209000,1998,1253000,11.18
OH,11256654,1999,1343000,11.93
OH,11353140,2000,1117000,9.84
OH,11389785,2001,1174000,10.31
OH,11408699,2002,1099000,9.63
OH,11437680,2003,1226000,10.72
OH,11450143,2004,1304000,11.39
OH,11470685,2005,1392000,12.14
OH,11478006,2006,1371000,11.94
OH,11466917,2007,1446000,12.61
OH,11485910,2008,1557000,13.56
OH,11542645,2009,1526000,13.22
OH,11537968,2010,1746000,15.13
OH,11541007,2011,1708000,14.8
OH,11553031,2012,1751000,15.16
OH,11572005,2013,1571000,13.58
OH,11596998,2014,1792000,15.45
OH,11605090,2015,1550000,13.36
OH,11622554,2016,1573000,13.53
OH,11664129,2017,1458000,12.5
OH,11689442,2018,1365000,11.68
OK,3001252,1980,406000,13.53
OK,3098000,1981,413000,13.33
OK,3177000,1982,478000,15.05
OK,3298000,1983,553000,16.77
OK,3298000,1984,426000,12.92
OK,3301000,1985,526000,15.93
OK,3305000,1986,469000,14.19
OK,3272000,1987,547000,16.72
OK,3263000,1988,543000,16.64
OK,3224000,1989,460000,14.27
OK,3145585,1990,481000,15.29
OK,3175000,1991,541000,17.04
OK,3212000,1992,607000,18.9
OK,3231000,1993,662000,20.49
OK,3258000,1994,540000,16.57
OK,3278000,1995,548000,16.72
OK,3301000,1996,556000,16.84
OK,3317000,1997,456000,13.75
OK,3347000,1998,458000,13.68
OK,3358044,1999,424000,12.63
OK,3450654,2000,503000,14.58
OK,3469577,2001,508000,14.64
OK,3489700,2002,489000,14.01
OK,3506469,2003,440000,12.55
OK,3523546,2004,373000,10.59
OK,3543442,2005,543000,15.32
OK,3579212,2006,531000,14.84
OK,3617316,2007,476000,13.16
OK,3642361,2008,484000,13.29
OK,3687050,2009,468000,12.69
OK,3760184,2010,603000,16.04
OK,3784163,2011,522000,13.79
OK,3815780,2012,668000,17.51
OK,3853118,2013,518000,13.44
OK,3879610,2014,647000,16.68
OK,3907414,2015,551000,14.1
OK,3921207,2016,571000,14.56
OK,3932640,2017,482000,12.26
OK,3943079,2018,518000,13.14
OR,2610477,1980,309000,11.84
OR,2647000,1981,331000,12.5
OR,2649000,1982,354000,13.36
OR,2662000,1983,419000,15.74
OR,2674000,1984,331000,12.38
OR,2687000,1985,317000,11.8
OR,2698000,1986,332000,12.31
OR,2724000,1987,384000,14.1
OR,2741000,1988,285000,10.4
OR,2820000,1989,327000,11.6
OR,2842321,1990,267000,9.39
OR,2922000,1991,401000,13.72
OR,2977000,1992,346000,11.62
OR,3032000,1993,363000,11.97
OR,3086000,1994,373000,12.09
OR,3141000,1995,360000,11.46
OR,3204000,1996,382000,11.92
OR,3243000,1997,382000,11.78
OR,3282000,1998,503000,15.33
OR,3316154,1999,432000,13.03
OR,3421399,2000,371000,10.84
OR,3473441,2001,408000,11.75
OR,3520355,2002,380000,10.79
OR,3564330,2003,446000,12.51
OR,3591363,2004,421000,11.72
OR,3638871,2005,436000,11.98
OR,3700758,2006,439000,11.86
OR,3747455,2007,481000,12.84
OR,3790060,2008,403000,10.63
OR,3825657,2009,510000,13.33
OR,3838332,2010,537000,13.99
OR,3868229,2011,553000,14.3
OR,3899801,2012,523000,13.41
OR,3928068,2013,593000,15.1
OR,3971202,2014,570000,14.35
OR,4024634,2015,478000,11.88
OR,4085989,2016,486000,11.89
OR,4146592,2017,430000,10.37
OR,4190713,2018,404000,9.64
PA,11824220,1980,1142000,9.66
PA,11864000,1981,1367000,11.52
PA,11865000,1982,1572000,13.25
PA,11895000,1983,1797000,15.11
PA,11901000,1984,1825000,15.33
PA,11853000,1985,1217000,10.27
PA,11889000,1986,1190000,10.01
PA,11936000,1987,1249000,10.46
PA,12027000,1988,1246000,10.36
PA,12040000,1989,1261000,10.47
PA,11881643,1990,1328000,11.18
PA,11961000,1991,1340000,11.2
PA,12009000,1992,1425000,11.87
PA,12048000,1993,1598000,13.26
PA,12052000,1994,1496000,12.41
PA,12072000,1995,1464000,12.13
PA,12056000,1996,1374000,11.4
PA,12020000,1997,1337000,11.12
PA,12001000,1998,1338000,11.15
PA,11994016,1999,1117000,9.31
PA,12281054,2000,1033000,8.41
PA,12303104,2001,1158000,9.41
PA,12328827,2002,1152000,9.34
PA,12370761,2003,1279000,10.34
PA,12394471,2004,1383000,11.16
PA,12405348,2005,1372000,11.06
PA,12440621,2006,1397000,11.23
PA,12432792,2007,1273000,10.24
PA,12448279,2008,1335000,10.72
PA,12604767,2009,1376000,10.92
PA,12717722,2010,1535000,12.07
PA,12743948,2011,1604000,12.59
PA,12764475,2012,1756000,13.76
PA,12781296,2013,1576000,12.33
PA,12793767,2014,1581000,12.36
PA,12791904,2015,1542000,12.05
PA,12787085,2016,1396000,10.92
PA,12790447,2017,1411000,11.03
PA,12807060,2018,1476000,11.52
RI,945835,1980,97000,10.26
RI,952000,1981,109000,11.45
RI,958000,1982,125000,13.05
RI,955000,1983,141000,14.76
RI,962000,1984,121000,12.58
RI,968000,1985,84000,8.68
RI,975000,1986,87000,8.92
RI,986000,1987,79000,8.01
RI,995000,1988,99000,9.95
RI,998000,1989,64000,6.41
RI,1003464,1990,71000,7.08
RI,1004000,1991,99000,9.86
RI,1005000,1992,119000,11.84
RI,1000000,1993,108000,10.8
RI,997000,1994,99000,9.93
RI,990000,1995,102000,10.3
RI,990000,1996,104000,10.51
RI,987000,1997,120000,12.16
RI,988000,1998,112000,11.34
RI,990819,1999,103000,10.4
RI,1048319,2000,106000,10.11
RI,1059659,2001,100000,9.44
RI,1068326,2002,116000,10.86
RI,1076084,2003,121000,11.24
RI,1079916,2004,122000,11.3
RI,1073579,2005,127000,11.83
RI,1067610,2006,110000,10.3
RI,1057832,2007,99000,9.36
RI,1050788,2008,132000,12.56
RI,1053209,2009,134000,12.72
RI,1052528,2010,146000,13.87
RI,1050646,2011,139000,13.23
RI,1050304,2012,141000,13.42
RI,1053354,2013,142000,13.48
RI,1054907,2014,119000,11.28
RI,1055607,2015,123000,11.65
RI,1057566,2016,119000,11.25
RI,1056486,2017,127000,12.02
RI,1057315,2018,92000,8.7
SC,3064557,1980,534000,17.43
SC,3166000,1981,615000,19.43
SC,3203000,1982,701000,21.89
SC,3264000,1983,687000,21.05
SC,3300000,1984,561000,17
SC,3347000,1985,489000,14.61
SC,3378000,1986,569000,16.84
SC,3425000,1987,512000,14.95
SC,3493000,1988,528000,15.12
SC,3512000,1989,585000,16.66
SC,3486703,1990,548000,15.72
SC,3560000,1991,582000,16.35
SC,3603000,1992,697000,19.34
SC,3643000,1993,678000,18.61
SC,3664000,1994,501000,13.67
SC,3673000,1995,744000,20.26
SC,3699000,1996,482000,13.03
SC,3760000,1997,500000,13.3
SC,3836000,1998,527000,13.74
SC,3885736,1999,445000,11.45
SC,4012012,2000,441000,10.99
SC,4062125,2001,603000,14.84
SC,4103770,2002,568000,13.84
SC,4148744,2003,516000,12.44
SC,4197892,2004,615000,14.65
SC,4246933,2005,626000,14.74
SC,4321249,2006,474000,10.97
SC,4407709,2007,617000,14
SC,4479800,2008,624000,13.93
SC,4561242,2009,618000,13.55
SC,4637106,2010,773000,16.67
SC,4673348,2011,874000,18.7
SC,4723417,2012,779000,16.49
SC,4771929,2013,745000,15.61
SC,4829160,2014,788000,16.32
SC,4894834,2015,683000,13.95
SC,4959822,2016,690000,13.91
SC,5021219,2017,773000,15.39
SC,5084127,2018,642000,12.63
SD,688217,1980,127000,18.45
SD,685000,1981,132000,19.27
SD,691000,1982,114000,16.5
SD,700000,1983,127000,18.14
SD,706000,1984,100000,14.16
SD,708000,1985,119000,16.81
SD,708000,1986,118000,16.67
SD,709000,1987,109000,15.37
SD,715000,1988,101000,14.13
SD,715000,1989,92000,12.87
SD,696004,1990,93000,13.36
SD,703000,1991,96000,13.66
SD,711000,1992,106000,14.91
SD,715000,1993,102000,14.27
SD,721000,1994,107000,14.84
SD,729000,1995,103000,14.13
SD,732000,1996,82000,11.2
SD,738000,1997,117000,15.85
SD,738000,1998,77000,10.43
SD,733133,1999,55000,7.5
SD,754844,2000,79000,10.47
SD,758324,2001,62000,8.18
SD,760437,2002,85000,11.18
SD,764905,2003,95000,12.42
SD,770621,2004,102000,13.24
SD,774883,2005,90000,11.61
SD,781919,2006,82000,10.49
SD,796214,2007,74000,9.29
SD,804194,2008,104000,12.93
SD,812383,2009,113000,13.91
SD,816598,2010,109000,13.35
SD,823593,2011,117000,14.21
SD,834047,2012,106000,12.71
SD,845510,2013,85000,10.05
SD,853304,2014,109000,12.77
SD,857919,2015,118000,13.75
SD,861542,2016,124000,14.39
SD,873286,2017,91000,10.42
SD,882235,2018,90000,10.2
TN,4545590,1980,884000,19.45
TN,4610000,1981,943000,20.46
TN,4651000,1982,1106000,23.78
TN,4685000,1983,933000,19.91
TN,4717000,1984,800000,16.96
TN,4762000,1985,837000,17.58
TN,4803000,1986,853000,17.76
TN,4855000,1987,792000,16.31
TN,4919000,1988,883000,17.95
TN,4940000,1989,891000,18.04
TN,4877185,1990,833000,17.08
TN,4953000,1991,744000,15.02
TN,5024000,1992,858000,17.08
TN,5099000,1993,998000,19.57
TN,5175000,1994,779000,15.05
TN,5256000,1995,846000,16.1
TN,5320000,1996,878000,16.5
TN,5368000,1997,791000,14.74
TN,5431000,1998,749000,13.79
TN,5483535,1999,662000,12.07
TN,5689283,2000,759000,13.34
TN,5749398,2001,802000,13.95
TN,5789796,2002,839000,14.49
TN,5845208,2003,829000,14.18
TN,5893298,2004,932000,15.81
TN,5955745,2005,872000,14.64
TN,6038803,2006,879000,14.56
TN,6156719,2007,906000,14.72
TN,6214888,2008,924000,14.87
TN,6296254,2009,1031000,16.37
TN,6357436,2010,1052000,16.55
TN,6399787,2011,1030000,16.09
TN,6454914,2012,1194000,18.5
TN,6497269,2013,1170000,18.01
TN,6547779,2014,1122000,17.14
TN,6595056,2015,973000,14.75
TN,6649404,2016,988000,14.86
TN,6708794,2017,769000,11.46
TN,6770010,2018,800000,11.82
TX,14169829,1980,2247000,15.86
TX,14755000,1981,2258000,15.3
TX,15280000,1982,2450000,16.03
TX,15724000,1983,2499000,15.89
TX,15989000,1984,2448000,15.31
TX,16370000,1985,2582000,15.77
TX,16682000,1986,2825000,16.93
TX,16789000,1987,2917000,17.37
TX,16780000,1988,3006000,17.91
TX,16991000,1989,2880000,16.95
TX,16986510,1990,2684000,15.8
TX,17349000,1991,2965000,17.09
TX,17656000,1992,3282000,18.59
TX,18031000,1993,3177000,17.62
TX,18378000,1994,3603000,19.6
TX,18724000,1995,3270000,17.46
TX,19128000,1996,3180000,16.62
TX,19439000,1997,3297000,16.96
TX,19760000,1998,2994000,15.15
TX,20044141,1999,3072000,15.33
TX,20851820,2000,3204000,15.37
TX,21370983,2001,3129000,14.64
TX,21736925,2002,3362000,15.47
TX,22103374,2003,3705000,16.76
TX,22471549,2004,3669000,16.33
TX,22928508,2005,3681000,16.05
TX,23507783,2006,3816000,16.23
TX,23904380,2007,3903000,16.33
TX,24326974,2008,3834000,15.76
TX,24782302,2009,4262000,17.2
TX,25253466,2010,4633000,18.35
TX,25631778,2011,4458000,17.39
TX,26060796,2012,4444000,17.05
TX,26505637,2013,4425000,16.69
TX,26979078,2014,4364000,16.18
TX,27429639,2015,4036000,14.71
TX,27904862,2016,3812000,13.66
TX,28322717,2017,3768000,13.3
TX,28701845,2018,3894000,13.57
UT,1458729,1980,148000,10.15
UT,1516000,1981,185000,12.2
UT,1554000,1982,229000,14.74
UT,1619000,1983,214000,13.22
UT,1652000,1984,183000,11.08
UT,1645000,1985,180000,10.94
UT,1665000,1986,209000,12.55
UT,1680000,1987,173000,10.3
UT,1691000,1988,162000,9.58
UT,1707000,1989,138000,8.08
UT,1722850,1990,143000,8.3
UT,1770000,1991,222000,12.54
UT,1813000,1992,172000,9.49
UT,1860000,1993,203000,10.91
UT,1908000,1994,154000,8.07
UT,1951000,1995,168000,8.61
UT,2000000,1996,153000,7.65
UT,2059000,1997,185000,8.98
UT,2100000,1998,190000,9.05
UT,2129836,1999,126000,5.92
UT,2233169,2000,170000,7.61
UT,2278712,2001,238000,10.44
UT,2318789,2002,228000,9.83
UT,2352119,2003,213000,9.06
UT,2420708,2004,241000,9.96
UT,2490334,2005,232000,9.32
UT,2550063,2006,235000,9.22
UT,2645330,2007,255000,9.64
UT,2736424,2008,209000,7.64
UT,2784572,2009,270000,9.7
UT,2775479,2010,278000,10.02
UT,2814347,2011,309000,10.98
UT,2854871,2012,312000,10.93
UT,2902787,2013,239000,8.23
UT,2944498,2014,298000,10.12
UT,2990632,2015,279000,9.33
UT,3044321,2016,264000,8.67
UT,3103118,2017,269000,8.67
UT,3161105,2018,219000,6.93
VA,5323412,1980,647000,12.15
VA,5426000,1981,662000,12.2
VA,5491000,1982,668000,12.17
VA,5550000,1983,618000,11.14
VA,5636000,1984,554000,9.83
VA,5706000,1985,558000,9.78
VA,5787000,1986,547000,9.45
VA,5904000,1987,583000,9.87
VA,5996000,1988,647000,10.79
VA,6098000,1989,671000,11
VA,6187358,1990,705000,11.39
VA,6286000,1991,608000,9.67
VA,6377000,1992,592000,9.28
VA,6491000,1993,627000,9.66
VA,6552000,1994,710000,10.84
VA,6618000,1995,648000,9.79
VA,6675000,1996,795000,11.91
VA,6734000,1997,858000,12.74
VA,6791000,1998,589000,8.67
VA,6872912,1999,537000,7.81
VA,7078515,2000,577000,8.15
VA,7196750,2001,564000,7.84
VA,7287829,2002,702000,9.63
VA,7365284,2003,740000,10.05
VA,7481332,2004,693000,9.26
VA,7564327,2005,684000,9.04
VA,7642884,2006,651000,8.52
VA,7712091,2007,664000,8.61
VA,7769089,2008,799000,10.28
VA,7882590,2009,831000,10.54
VA,8023953,2010,835000,10.41
VA,8104384,2011,907000,11.19
VA,8186628,2012,850000,10.38
VA,8270345,2013,854000,10.33
VA,8328098,2014,842000,10.11
VA,8367587,2015,894000,10.68
VA,8414380,2016,929000,11.04
VA,8465207,2017,847000,10.01
VA,8517685,2018,821000,9.64
VT,511299,1980,62000,12.13
VT,515000,1981,66000,12.82
VT,516000,1982,67000,12.98
VT,525000,1983,83000,15.81
VT,530000,1984,65000,12.26
VT,535000,1985,48000,8.97
VT,541000,1986,58000,10.72
VT,548000,1987,50000,9.12
VT,556000,1988,43000,7.73
VT,567000,1989,44000,7.76
VT,562758,1990,61000,10.84
VT,567000,1991,73000,12.87
VT,570000,1992,61000,10.7
VT,576000,1993,59000,10.24
VT,580000,1994,45000,7.76
VT,585000,1995,61000,10.43
VT,589000,1996,74000,12.56
VT,589000,1997,54000,9.17
VT,591000,1998,58000,9.81
VT,593740,1999,58000,9.77
VT,608827,2000,60000,9.86
VT,612978,2001,59000,9.63
VT,616408,2002,61000,9.9
VT,619343,2003,52000,8.4
VT,621233,2004,48000,7.73
VT,622387,2005,47000,7.55
VT,623908,2006,48000,7.69
VT,621254,2007,61000,9.82
VT,621270,2008,55000,8.85
VT,621760,2009,58000,9.33
VT,625909,2010,67000,10.7
VT,626592,2011,71000,11.33
VT,625953,2012,69000,11.02
VT,626855,2013,54000,8.61
VT,626767,2014,57000,9.09
VT,626088,2015,65000,10.38
VT,623354,2016,60000,9.63
VT,624525,2017,63000,10.09
VT,626299,2018,60000,9.58
WA,4113331,1980,538000,13.08
WA,4212000,1981,471000,11.18
WA,4245000,1982,549000,12.93
WA,4300000,1983,460000,10.7
WA,4349000,1984,479000,11.01
WA,4409000,1985,526000,11.93
WA,4463000,1986,563000,12.61
WA,4538000,1987,450000,9.92
WA,4619000,1988,402000,8.7
WA,4761000,1989,455000,9.56
WA,4866692,1990,434000,8.92
WA,5018000,1991,474000,9.45
WA,5136000,1992,574000,11.18
WA,5255000,1993,634000,12.06
WA,5343000,1994,614000,11.49
WA,5431000,1995,677000,12.47
WA,5533000,1996,666000,12.04
WA,5610000,1997,529000,9.43
WA,5689000,1998,512000,9
WA,5756361,1999,545000,9.47
WA,5894121,2000,634000,10.76
WA,5993390,2001,634000,10.58
WA,6067060,2002,657000,10.83
WA,6131298,2003,766000,12.49
WA,6207046,2004,700000,11.28
WA,6291899,2005,636000,10.11
WA,6395798,2006,502000,7.85
WA,6468424,2007,661000,10.22
WA,6549224,2008,680000,10.38
WA,6664195,2009,781000,11.72
WA,6742950,2010,779000,11.55
WA,6823267,2011,854000,12.52
WA,6895318,2012,796000,11.54
WA,6973742,2013,819000,11.74
WA,7063166,2014,852000,12.06
WA,7160290,2015,819000,11.44
WA,7280934,2016,800000,10.99
WA,7425432,2017,736000,9.91
WA,7535591,2018,647000,8.59
WI,4680917,1980,403000,8.61
WI,4739000,1981,384000,8.1
WI,4765000,1982,452000,9.49
WI,4751000,1983,504000,10.61
WI,4766000,1984,730000,15.32
WI,4775000,1985,544000,11.39
WI,4785000,1986,501000,10.47
WI,4807000,1987,428000,8.9
WI,4858000,1988,364000,7.49
WI,4867000,1989,393000,8.07
WI,4891769,1990,448000,9.16
WI,4955000,1991,492000,9.93
WI,5007000,1992,560000,11.18
WI,5038000,1993,636000,12.62
WI,5082000,1994,453000,8.91
WI,5123000,1995,449000,8.76
WI,5160000,1996,460000,8.91
WI,5170000,1997,422000,8.16
WI,5224000,1998,449000,8.59
WI,5250446,1999,466000,8.88
WI,5363675,2000,493000,9.19
WI,5405947,2001,423000,7.82
WI,5439692,2002,467000,8.59
WI,5474290,2003,528000,9.65
WI,5503533,2004,676000,12.28
WI,5527644,2005,553000,10
WI,5556506,2006,555000,9.99
WI,5601640,2007,601000,10.73
WI,5627967,2008,544000,9.67
WI,5654774,2009,599000,10.59
WI,5691659,2010,567000,9.96
WI,5709843,2011,743000,13.01
WI,5724554,2012,640000,11.18
WI,5742953,2013,618000,10.76
WI,5759432,2014,628000,10.9
WI,5767891,2015,654000,11.34
WI,5772917,2016,620000,10.74
WI,5792051,2017,551000,9.51
WI,5813568,2018,499000,8.58
WV,1930787,1980,297000,15.38
WV,1951000,1981,398000,20.4
WV,1948000,1982,484000,24.85
WV,1965000,1983,419000,21.32
WV,1952000,1984,392000,20.08
WV,1936000,1985,423000,21.85
WV,1919000,1986,432000,22.51
WV,1897000,1987,408000,21.51
WV,1884000,1988,337000,17.89
WV,1857000,1989,283000,15.24
WV,1793477,1990,328000,18.29
WV,1801000,1991,327000,18.16
WV,1812000,1992,401000,22.13
WV,1820000,1993,400000,21.98
WV,1822000,1994,336000,18.44
WV,1828000,1995,300000,16.41
WV,1826000,1996,323000,17.69
WV,1816000,1997,286000,15.75
WV,1811000,1998,312000,17.23
WV,1806928,1999,272000,15.05
WV,1808344,2000,261000,14.43
WV,1800975,2001,291000,16.16
WV,1804884,2002,293000,16.23
WV,1811440,2003,310000,17.11
WV,1812548,2004,254000,14.01
WV,1814083,2005,276000,15.21
WV,1818470,2006,277000,15.23
WV,1812035,2007,265000,14.62
WV,1814468,2008,260000,14.33
WV,1819777,2009,285000,15.66
WV,1854368,2010,306000,16.5
WV,1854908,2011,318000,17.14
WV,1856680,2012,301000,16.21
WV,1853595,2013,315000,16.99
WV,1848751,2014,376000,20.34
WV,1841053,2015,261000,14.18
WV,1828637,2016,326000,17.83
WV,1817048,2017,311000,17.12
WV,1805832,2018,279000,15.45
WY,468954,1980,49000,10.45
WY,492000,1981,43000,8.74
WY,502000,1982,58000,11.55
WY,514000,1983,61000,11.87
WY,511000,1984,53000,10.37
WY,509000,1985,61000,11.98
WY,507000,1986,73000,14.4
WY,490000,1987,49000,10
WY,471000,1988,43000,9.13
WY,475000,1989,50000,10.53
WY,453588,1990,51000,11.24
WY,460000,1991,47000,10.22
WY,466000,1992,49000,10.52
WY,470000,1993,64000,13.62
WY,476000,1994,45000,9.45
WY,480000,1995,59000,12.29
WY,481000,1996,58000,12.06
WY,480000,1997,66000,13.75
WY,481000,1998,51000,10.6
WY,479602,1999,56000,11.68
WY,493782,2000,52000,10.53
WY,493754,2001,42000,8.51
WY,498830,2002,44000,8.82
WY,502111,2003,48000,9.56
WY,505887,2004,50000,9.88
WY,508798,2005,54000,10.61
WY,515004,2006,51000,9.9
WY,522830,2007,56000,10.71
WY,532668,2008,54000,10.14
WY,544270,2009,50000,9.19
WY,564554,2010,53000,9.39
WY,567356,2011,60000,10.58
WY,576626,2012,56000,9.71
WY,583223,2013,68000,11.66
WY,584304,2014,55000,9.41
WY,586555,2015,56000,9.55
WY,584910,2016,62000,10.6
WY,578934,2017,70000,12.09
WY,577737,2018,53000,9.17