"","state","year","population","poverty.rate","percent","median.income","margin.of.error","cluster"
"1","AK",1984,500000,49000,9.8,74689,3400,6
"2","AK",1985,521000,45000,8.64,77625,2430,4
"3","AK",1986,534000,59000,11.05,68775,2231,8
"4","AK",1987,525000,60000,11.43,70468,3174,8
"5","AK",1988,513000,53000,10.33,67745,2421,8
"6","AK",1989,527000,51000,9.68,70599,2702,8
"7","AK",1990,550043,57000,10.36,73433,3040,6
"8","AK",1991,570000,62000,10.88,73224,3285,6
"9","AK",1992,587000,58000,9.88,73541,2034,6
"10","AK",1993,599000,52000,8.68,73670,2819,6
"11","AK",1994,606000,61000,10.07,76258,2511,6
"12","AK",1995,604000,45000,7.45,78710,3296,4
"13","AK",1996,607000,54000,8.9,84383,3049,4
"14","AK",1997,609000,56000,9.2,75109,1969,6
"15","AK",1998,614000,60000,9.77,78271,3280,4
"16","AK",1999,619500,48000,7.75,77703,3365,4
"17","AK",2000,626932,47000,7.5,77275,1695,4
"18","AK",2001,633630,54000,8.52,81556,2861,4
"19","AK",2002,641482,53000,8.26,73868,1502,6
"20","AK",2003,648280,62000,9.56,70945,1343,8
"21","AK",2004,657755,59000,8.97,73378,2760,6
"22","AK",2005,663253,66000,9.95,72041,1716,6
"23","AK",2006,670053,58000,8.66,70437,1866,8
"24","AK",2007,683478,51000,7.46,76477,1922,6
"25","AK",2008,686293,55000,8.01,74812,2691,6
"26","AK",2009,698473,81000,11.6,72275,2054,6
"27","AK",2010,714146,87000,12.18,66767,2758,8
"28","AK",2011,723860,83000,11.47,64260,4151,9
"29","AK",2012,730307,70000,9.59,69739,3111,8
"30","AK",2013,737259,76000,10.31,78249,5880,4
"31","AK",2014,737046,82000,11.13,71804,3348,6
"32","AK",2015,737709,65000,8.81,79611,3694,4
"33","AK",2016,741522,89000,12,79237,4276,4
"34","AK",2017,739786,103000,13.92,73992,2785,6
"35","AK",2018,737438,94000,12.75,68734,3390,8
"36","AL",1984,3990000,738000,18.5,39958,1397,1
"37","AL",1985,4021000,821000,20.42,40915,1696,1
"38","AL",1986,4053000,959000,23.66,41963,1941,1
"39","AL",1987,4083000,851000,20.84,41844,2432,1
"40","AL",1988,4127000,775000,18.78,40823,1866,1
"41","AL",1989,4118000,770000,18.7,41733,2098,1
"42","AL",1990,4040587,779000,19.28,43645,1938,1
"43","AL",1991,4089000,786000,19.22,43896,1926,7
"44","AL",1992,4136000,729000,17.63,45403,1861,7
"45","AL",1993,4187000,725000,17.32,43041,1867,1
"46","AL",1994,4219000,704000,16.69,45714,2621,7
"47","AL",1995,4253000,882000,20.74,42661,2078,1
"48","AL",1996,4273000,595000,13.92,48447,2011,7
"49","AL",1997,4319000,665000,15.4,49983,2515,5
"50","AL",1998,4352000,609000,13.99,55997,2018,3
"51","AL",1999,4369862,668000,15.29,54806,1798,3
"52","AL",2000,4447100,583000,13.11,51798,1568,5
"53","AL",2001,4468912,696000,15.57,49989,1430,5
"54","AL",2002,4478896,640000,14.29,52633,1486,5
"55","AL",2003,4503726,663000,14.72,50988,2162,5
"56","AL",2004,4525375,762000,16.84,48812,1736,5
"57","AL",2005,4548327,750000,16.49,47885,1566,7
"58","AL",2006,4599030,650000,14.13,47382,1266,7
"59","AL",2007,4627851,662000,14.3,51248,1724,5
"60","AL",2008,4661900,675000,14.48,51999,1940,5
"61","AL",2009,4708708,770000,16.35,46905,1061,7
"62","AL",2010,4785401,812000,16.97,47244,2765,7
"63","AL",2011,4803689,732000,15.24,47654,2261,7
"64","AL",2012,4817528,777000,16.13,47624,2771,7
"65","AL",2013,4833996,796000,16.47,51092,5950,5
"66","AL",2014,4846411,848000,17.5,44888,1623,7
"67","AL",2015,4853875,784000,16.15,49412,2408,5
"68","AL",2016,4860545,782000,16.09,49412,2408,5
"69","AL",2017,4875120,723000,14.83,52359,866,5
"70","AL",2018,4887871,779000,15.94,49936,2423,5
"71","AR",1984,2349000,564000,24.01,36181,1727,1
"72","AR",1985,2359000,541000,22.93,38946,1705,1
"73","AR",1986,2372000,499000,21.04,41082,1678,1
"74","AR",1987,2388000,537000,22.49,39921,2137,1
"75","AR",1988,2422000,527000,21.76,41282,1445,1
"76","AR",1989,2406000,442000,18.37,42025,1794,1
"77","AR",1990,2350725,472000,20.08,42578,1833,1
"78","AR",1991,2372000,425000,17.92,42254,1412,1
"79","AR",1992,2399000,430000,17.92,42015,2459,1
"80","AR",1993,2424000,484000,19.97,39535,1453,1
"81","AR",1994,2453000,369000,15.04,42972,1587,1
"82","AR",1995,2484000,376000,15.14,42370,1640,1
"83","AR",1996,2510000,449000,17.89,43364,1564,1
"84","AR",1997,2523000,515000,20.41,40942,1806,1
"85","AR",1998,2538000,377000,14.85,42716,1791,1
"86","AR",1999,2551373,384000,15.05,44875,1551,7
"87","AR",2000,2673400,436000,16.31,43424,1129,1
"88","AR",2001,2694698,472000,17.52,47400,1626,7
"89","AR",2002,2706268,532000,19.66,45332,1089,7
"90","AR",2003,2727774,474000,17.38,43798,1062,7
"91","AR",2004,2750000,412000,14.98,46620,1325,7
"92","AR",2005,2775708,382000,13.76,47250,1687,7
"93","AR",2006,2810872,487000,17.33,46265,958,7
"94","AR",2007,2834797,387000,13.65,49527,1637,5
"95","AR",2008,2855390,431000,15.09,46282,1396,7
"96","AR",2009,2889450,538000,18.62,42867,1066,1
"97","AR",2010,2921588,440000,15.06,44536,2844,7
"98","AR",2011,2938582,545000,18.55,46213,2069,7
"99","AR",2012,2949828,584000,19.8,42752,3081,1
"100","AR",2013,2958765,504000,17.03,42515,2593,1
"101","AR",2014,2966835,532000,17.93,47695,2703,7
"102","AR",2015,2977853,475000,15.95,45362,1666,7
"103","AR",2016,2988231,471000,15.76,48037,2265,7
"104","AR",2017,3002997,432000,14.39,50019,2706,5
"105","AR",2018,3013825,462000,15.33,49781,2108,5
"106","AZ",1984,3053000,569000,18.64,49457,1406,5
"107","AZ",1985,3187000,345000,10.83,53287,1660,3
"108","AZ",1986,3317000,484000,14.59,55931,1575,3
"109","AZ",1987,3386000,444000,13.11,56719,1891,3
"110","AZ",1988,3466000,491000,14.17,54099,1725,3
"111","AZ",1989,3556000,502000,14.12,55984,2373,3
"112","AZ",1990,3665228,484000,13.21,54609,2132,3
"113","AZ",1991,3750000,532000,14.19,55420,1617,3
"114","AZ",1992,3832000,607000,15.84,51649,1914,5
"115","AZ",1993,3936000,615000,15.63,52355,1922,5
"116","AZ",1994,4075000,673000,16.52,52601,1299,5
"117","AZ",1995,4218000,700000,16.6,50658,2232,5
"118","AZ",1996,4428000,980000,22.13,50581,2037,5
"119","AZ",1997,4555000,797000,17.5,51237,2030,5
"120","AZ",1998,4669000,812000,17.39,57269,1938,2
"121","AZ",1999,4778332,616000,12.89,55931,1713,3
"122","AZ",2000,5130632,607000,11.83,58172,1769,2
"123","AZ",2001,5306966,778000,14.66,60715,2049,2
"124","AZ",2002,5441125,735000,13.51,55616,1404,3
"125","AZ",2003,5579222,749000,13.42,56340,1946,3
"126","AZ",2004,5739879,830000,14.46,58430,1523,2
"127","AZ",2005,5953007,917000,15.4,58319,1638,2
"128","AZ",2006,6166318,902000,14.63,58250,1556,2
"129","AZ",2007,6338755,912000,14.39,57321,1888,2
"130","AZ",2008,6500180,1172000,18.03,54849,1315,3
"131","AZ",2009,6595778,1381000,20.94,53662,1456,3
"132","AZ",2010,6413158,1208000,18.84,54127,2570,3
"133","AZ",2011,6467315,1128000,17.44,54403,2712,3
"134","AZ",2012,6551149,1260000,19.23,51546,3202,5
"135","AZ",2013,6634997,1345000,20.27,56805,4713,3
"136","AZ",2014,6728783,1409000,20.94,52294,2446,5
"137","AZ",2015,6817565,1156000,16.96,55378,2128,3
"138","AZ",2016,6908642,1108000,16.04,59750,2062,2
"139","AZ",2017,7048876,926000,13.14,62615,2706,9
"140","AZ",2018,7171646,929000,12.95,62283,2291,9
"141","CA",1984,25622000,3375000,13.17,58372,840,2
"142","CA",1985,26365000,3596000,13.64,60215,781,2
"143","CA",1986,26981000,3453000,12.8,63629,1250,9
"144","CA",1987,27663000,3443000,12.45,63922,1141,9
"145","CA",1988,28168000,3687000,13.09,61982,1297,9
"146","CA",1989,29063000,3772000,12.98,64723,1212,9
"147","CA",1990,29760021,4128000,13.87,62206,1056,9
"148","CA",1991,30380000,4825000,15.88,60697,1235,2
"149","CA",1992,30867000,5197000,16.84,61404,1107,2
"150","CA",1993,31211000,5803000,18.59,58470,1117,2
"151","CA",1994,31431000,5658000,18,59388,1040,2
"152","CA",1995,31589000,5342000,16.91,60745,1187,2
"153","CA",1996,31878000,5472000,17.17,62052,1308,9
"154","CA",1997,32268000,5459000,16.92,62120,1352,9
"155","CA",1998,32667000,5118000,15.67,63204,891,9
"156","CA",1999,33145121,4733000,14.28,65961,1063,9
"157","CA",2000,33871648,4294000,12.68,68456,1003,8
"158","CA",2001,34600463,4321000,12.49,67195,1034,8
"159","CA",2002,35001986,4605000,13.16,66397,1072,8
"160","CA",2003,35462712,4634000,13.07,67473,1121,8
"161","CA",2004,35842038,4724000,13.18,65594,880,9
"162","CA",2005,36154147,4716000,13.04,66710,593,8
"163","CA",2006,36457549,4427000,12.14,69065,868,8
"164","CA",2007,36553215,4589000,12.55,67664,750,8
"165","CA",2008,36756666,5344000,14.54,66658,969,8
"166","CA",2009,36961664,5638000,15.25,65858,726,9
"167","CA",2010,37338198,6073000,16.26,62652,1364,9
"168","CA",2011,37683933,6352000,16.86,59713,1542,2
"169","CA",2012,37999878,6015000,15.83,62477,1356,9
"170","CA",2013,38431393,5675000,14.77,65640,1955,9
"171","CA",2014,38792291,6112000,15.76,64221,949,9
"172","CA",2015,38993940,5441000,13.95,67448,1813,8
"173","CA",2016,39296476,5435000,13.83,69729,1125,8
"174","CA",2017,39399349,4872000,12.37,71459,1487,6
"175","CA",2018,39557045,4664000,11.79,70489,1233,8
"176","CO",1984,3178000,274000,8.62,59558,1858,2
"177","CO",1985,3231000,324000,10.03,62895,1897,9
"178","CO",1986,3267000,426000,13.04,59642,2031,2
"179","CO",1987,3296000,398000,12.08,56140,2279,3
"180","CO",1988,3290000,405000,12.31,53647,2630,3
"181","CO",1989,3317000,393000,11.85,52560,2741,5
"182","CO",1990,3294394,461000,13.99,57428,1693,2
"183","CO",1991,3377000,347000,10.28,56793,2245,3
"184","CO",1992,3470000,376000,10.84,57148,2588,2
"185","CO",1993,3566000,354000,9.93,59182,2692,2
"186","CO",1994,3656000,335000,9.16,63594,2431,9
"187","CO",1995,3747000,335000,8.94,66813,2547,8
"188","CO",1996,3823000,412000,10.78,65470,2125,9
"189","CO",1997,3893000,320000,8.22,67658,3042,8
"190","CO",1998,3971000,363000,9.14,71951,1677,6
"191","CO",1999,4056133,366000,9.02,72837,2242,6
"192","CO",2000,4301261,425000,9.88,70538,1809,8
"193","CO",2001,4430989,383000,8.64,70231,1692,8
"194","CO",2002,4501051,436000,9.69,67597,2049,8
"195","CO",2003,4547633,436000,9.59,68349,1585,8
"196","CO",2004,4601821,450000,9.78,67811,2119,8
"197","CO",2005,4663295,530000,11.37,65026,1659,9
"198","CO",2006,4753377,466000,9.8,69537,1903,8
"199","CO",2007,4861515,478000,9.83,74228,1231,6
"200","CO",2008,4939456,541000,10.95,71251,2219,8
"201","CO",2009,5024748,613000,12.2,65618,1871,9
"202","CO",2010,5047692,615000,12.18,69520,2864,8
"203","CO",2011,5116302,661000,12.92,65601,2857,9
"204","CO",2012,5189458,613000,11.81,62735,2967,9
"205","CO",2013,5272086,560000,10.62,73325,4458,6
"206","CO",2014,5355588,661000,12.34,64702,2563,9
"207","CO",2015,5448819,538000,9.87,70585,3903,8
"208","CO",2016,5530105,467000,8.44,73841,4316,6
"209","CO",2017,5615902,427000,7.6,75980,3055,6
"210","CO",2018,5695564,521000,9.15,73034,3562,6
"211","CT",1984,3154000,218000,6.91,69138,2858,8
"212","CT",1985,3174000,237000,7.47,69385,2520,8
"213","CT",1986,3189000,186000,5.83,71769,3520,6
"214","CT",1987,3211000,207000,6.45,69681,2888,8
"215","CT",1988,3241000,128000,3.95,74109,2646,6
"216","CT",1989,3239000,90000,2.78,82981,3122,4
"217","CT",1990,3287116,196000,5.96,72633,3918,6
"218","CT",1991,3291000,287000,8.72,76005,3505,6
"219","CT",1992,3281000,321000,9.78,71851,3469,6
"220","CT",1993,3277000,277000,8.45,67810,2849,8
"221","CT",1994,3275000,344000,10.5,69080,2681,8
"222","CT",1995,3275000,318000,9.71,66054,3724,9
"223","CT",1996,3274000,392000,11.97,67339,4935,8
"224","CT",1997,3270000,282000,8.62,68835,3113,8
"225","CT",1998,3274000,310000,9.47,71811,4212,6
"226","CT",1999,3282031,246000,7.5,76489,3471,6
"227","CT",2000,3405565,258000,7.58,73363,1984,6
"228","CT",2001,3434602,249000,7.25,75847,1763,6
"229","CT",2002,3458587,279000,8.07,74726,1918,6
"230","CT",2003,3486960,278000,7.97,75226,2136,6
"231","CT",2004,3498966,352000,10.06,73427,2196,6
"232","CT",2005,3500701,326000,9.31,73258,2105,6
"233","CT",2006,3504809,275000,7.85,77910,2699,4
"234","CT",2007,3502309,309000,8.82,77870,2488,4
"235","CT",2008,3501252,376000,10.74,75623,3158,6
"236","CT",2009,3518288,292000,8.3,76085,2708,6
"237","CT",2010,3575498,303000,8.47,76174,2418,6
"238","CT",2011,3586717,356000,9.93,73194,3372,6
"239","CT",2012,3591765,363000,10.11,70396,3126,8
"240","CT",2013,3599341,400000,11.11,74814,3496,6
"241","CT",2014,3594762,308000,8.57,74492,2830,6
"242","CT",2015,3584730,324000,9.04,77255,4716,4
"243","CT",2016,3587685,351000,9.78,79446,3562,4
"244","CT",2017,3573880,388000,10.86,74554,3595,6
"245","CT",2018,3572665,348000,9.74,72812,5119,6
"246","DC",1984,623000,128000,20.55,47109,1985,7
"247","DC",1985,626000,123000,19.65,47036,1687,7
"248","DC",1986,626000,77000,12.3,53347,2746,3
"249","DC",1987,622000,88000,14.15,58216,2725,2
"250","DC",1988,620000,88000,14.19,54725,1531,3
"251","DC",1989,604000,102000,16.89,52454,1990,5
"252","DC",1990,606900,120000,19.77,51185,2919,5
"253","DC",1991,598000,98000,16.39,53883,3431,3
"254","DC",1992,589000,120000,20.37,53213,1977,3
"255","DC",1993,578000,158000,27.34,46854,2962,7
"256","DC",1994,570000,129000,22.63,50622,1861,5
"257","DC",1995,554000,122000,22.02,50469,1940,5
"258","DC",1996,543000,130000,23.94,51107,2523,5
"259","DC",1997,529000,113000,21.36,49860,1540,5
"260","DC",1998,523000,114000,21.8,51622,2024,5
"261","DC",1999,519000,80000,15.41,58463,2417,2
"262","DC",2000,572059,84000,14.68,60276,1568,2
"263","DC",2001,573822,101000,17.6,58532,1454,2
"264","DC",2002,569157,97000,17.04,54686,1393,3
"265","DC",2003,557620,92000,16.5,61648,1941,9
"266","DC",2004,554239,93000,16.78,57903,2484,2
"267","DC",2005,582049,115000,19.76,57994,2793,2
"268","DC",2006,581530,104000,17.88,60523,2096,2
"269","DC",2007,588292,104000,17.68,61653,1332,9
"270","DC",2008,591833,98000,16.56,64993,2061,9
"271","DC",2009,599657,107000,17.84,62346,2450,9
"272","DC",2010,604912,118000,19.51,65705,3847,9
"273","DC",2011,619020,123000,19.87,61821,2360,9
"274","DC",2012,633427,116000,18.31,71490,4022,6
"275","DC",2013,649111,139000,21.41,64844,5970,9
"276","DC",2014,659836,125000,18.94,72492,4674,6
"277","DC",2015,670377,113000,16.86,74268,3032,6
"278","DC",2016,684336,112000,16.37,74276,2861,6
"279","DC",2017,695691,94000,13.51,85415,3400,4
"280","DC",2018,702455,102000,14.52,85750,2659,4
"281","DE",1984,613000,63000,10.28,59600,2371,2
"282","DE",1985,622000,71000,11.41,51285,3049,5
"283","DE",1986,633000,79000,12.48,56207,2658,3
"284","DE",1987,644000,42000,6.52,62009,1855,9
"285","DE",1988,660000,57000,8.64,62428,2388,9
"286","DE",1989,673000,68000,10.1,62878,2222,9
"287","DE",1990,666168,48000,7.21,57561,2080,2
"288","DE",1991,680000,53000,7.79,58752,2003,2
"289","DE",1992,689000,55000,7.98,62767,2451,9
"290","DE",1993,700000,73000,10.43,61886,1457,9
"291","DE",1994,706000,57000,8.07,60299,2002,2
"292","DE",1995,717000,74000,10.32,57330,3033,2
"293","DE",1996,725000,63000,8.69,62847,2242,9
"294","DE",1997,732000,72000,9.84,67345,3227,8
"295","DE",1998,744000,80000,10.75,64013,2707,9
"296","DE",1999,753538,80000,10.62,70495,3449,8
"297","DE",2000,783600,65000,8.3,73646,2205,6
"298","DE",2001,796599,53000,6.65,70522,2087,8
"299","DE",2002,805945,73000,9.06,69495,2358,8
"300","DE",2003,818166,60000,7.33,67088,1886,8
"301","DE",2004,830069,74000,8.91,64031,1894,9
"302","DE",2005,841741,78000,9.27,66039,1387,9
"303","DE",2006,853476,80000,9.37,65468,2160,9
"304","DE",2007,864764,80000,9.25,66274,2621,8
"305","DE",2008,873092,82000,9.39,59278,1623,2
"306","DE",2009,885122,109000,12.31,61141,2090,2
"307","DE",2010,899792,109000,12.11,63727,2603,9
"308","DE",2011,908137,123000,13.54,61160,1952,2
"309","DE",2012,917053,121000,13.19,53659,2165,3
"310","DE",2013,925240,127000,13.73,58402,4697,2
"311","DE",2014,935968,103000,11,61073,3153,2
"312","DE",2015,944076,106000,11.23,61216,3595,2
"313","DE",2016,952698,110000,11.55,60740,3131,2
"314","DE",2017,957078,89000,9.3,63837,3380,9
"315","DE",2018,967171,72000,7.44,65012,3599,9
"316","FL",1984,10976000,1693000,15.42,45671,1080,7
"317","FL",1985,11366000,1551000,13.65,47632,975,7
"318","FL",1986,11675000,1342000,11.49,50116,1184,5
"319","FL",1987,12023000,1523000,12.67,51927,1009,5
"320","FL",1988,12377000,1704000,13.77,51993,972,5
"321","FL",1989,12671000,1590000,12.55,51147,931,5
"322","FL",1990,12937926,1896000,14.65,49864,848,5
"323","FL",1991,13277000,2069000,15.58,49136,856,5
"324","FL",1992,13488000,2139000,15.86,48114,925,7
"325","FL",1993,13679000,2507000,18.33,48992,1213,5
"326","FL",1994,13953000,2128000,15.25,49241,1062,5
"327","FL",1995,14166000,2321000,16.38,48822,1005,5
"328","FL",1996,14400000,2037000,14.15,48989,820,5
"329","FL",1997,14654000,2056000,14.03,50791,912,5
"330","FL",1998,14916000,1923000,12.89,53901,1184,3
"331","FL",1999,15111244,1937000,12.82,54171,948,3
"332","FL",2000,15982378,1754000,10.97,56817,1086,3
"333","FL",2001,16373330,2077000,12.69,51782,593,5
"334","FL",2002,16691701,2058000,12.33,53222,1159,3
"335","FL",2003,16999181,2148000,12.64,53338,1039,3
"336","FL",2004,17385430,2028000,11.66,54017,842,3
"337","FL",2005,17768191,1975000,11.12,55412,1044,3
"338","FL",2006,18089888,2068000,11.43,57026,785,3
"339","FL",2007,18251243,2250000,12.33,55596,692,3
"340","FL",2008,18328340,2370000,12.93,52444,1003,5
"341","FL",2009,18537969,2676000,14.44,53535,828,3
"342","FL",2010,18838613,3006000,15.96,50860,1782,5
"343","FL",2011,19082262,2822000,14.79,50468,1273,5
"344","FL",2012,19320749,2926000,15.14,50480,1216,5
"345","FL",2013,19600311,2888000,14.73,52400,3039,5
"346","FL",2014,19905569,3282000,16.49,48988,1009,5
"347","FL",2015,20244914,3253000,16.07,51750,1479,5
"348","FL",2016,20656589,2659000,12.87,53551,874,3
"349","FL",2017,20976812,2864000,13.65,54990,1860,3
"350","FL",2018,21299325,2883000,13.54,54644,1887,3
"351","GA",1984,5837000,981000,16.81,46130,1881,7
"352","GA",1985,5976000,1037000,17.35,46976,1759,7
"353","GA",1986,6104000,879000,14.4,53452,2439,3
"354","GA",1987,6222000,883000,14.19,56645,2926,3
"355","GA",1988,6401000,875000,13.67,54367,1834,3
"356","GA",1989,6436000,929000,14.43,54003,2002,3
"357","GA",1990,6478216,1001000,15.45,51501,2216,5
"358","GA",1991,6623000,1077000,16.26,49064,1962,5
"359","GA",1992,6751000,1177000,17.43,50662,2160,5
"360","GA",1993,6917000,919000,13.29,54334,2152,3
"361","GA",1994,7055000,1012000,14.34,52893,2081,5
"362","GA",1995,7201000,878000,12.19,55969,1472,3
"363","GA",1996,7353000,1097000,14.92,51954,2664,5
"364","GA",1997,7486000,1109000,14.81,57376,1434,2
"365","GA",1998,7642000,1034000,13.53,59701,1820,2
"366","GA",1999,7788240,1011000,12.98,59605,2049,2
"367","GA",2000,8186453,982000,12,61269,1215,2
"368","GA",2001,8405677,1069000,12.72,60533,1526,2
"369","GA",2002,8544005,939000,10.99,60102,1549,2
"370","GA",2003,8676460,1014000,11.69,58081,1340,2
"371","GA",2004,8918129,1132000,12.69,54616,824,3
"372","GA",2005,9132553,1298000,14.21,59196,1080,2
"373","GA",2006,9363941,1172000,12.52,61605,1511,9
"374","GA",2007,9544750,1294000,13.56,59053,1309,2
"375","GA",2008,9685744,1477000,15.25,54046,1361,3
"376","GA",2009,9829211,1775000,18.06,50848,1474,5
"377","GA",2010,9712157,1814000,18.68,50919,2103,5
"378","GA",2011,9812460,1783000,18.17,51440,2778,5
"379","GA",2012,9915646,1752000,17.67,52726,1648,5
"380","GA",2013,9994759,1592000,15.93,50738,4574,5
"381","GA",2014,10097132,1676000,16.6,52614,2133,5
"382","GA",2015,10199398,1833000,17.97,53809,1485,3
"383","GA",2016,10313620,1580000,15.32,56011,1757,3
"384","GA",2017,10413055,1356000,13.02,58406,2493,2
"385","GA",2018,10519475,1548000,14.72,55821,2032,3
"386","HI",1984,1039000,92000,8.85,66659,2807,8
"387","HI",1985,1054000,109000,10.34,64634,3227,9
"388","HI",1986,1062000,109000,10.26,63614,2645,9
"389","HI",1987,1083000,95000,8.77,74261,2277,6
"390","HI",1988,1093000,117000,10.7,67583,3033,8
"391","HI",1989,1112000,122000,10.97,68695,2604,8
"392","HI",1990,1108229,121000,10.92,72729,2642,6
"393","HI",1991,1135000,90000,7.93,67155,2939,8
"394","HI",1992,1160000,133000,11.47,74088,2525,6
"395","HI",1993,1172000,91000,7.76,73208,3018,6
"396","HI",1994,1179000,97000,8.23,71027,4073,8
"397","HI",1995,1187000,122000,10.28,70334,2121,8
"398","HI",1996,1184000,142000,11.99,66785,3027,8
"399","HI",1997,1187000,164000,13.82,64060,2189,9
"400","HI",1998,1193000,131000,10.98,63039,3658,9
"401","HI",1999,1185497,133000,11.22,67284,2770,8
"402","HI",2000,1211537,106000,8.75,75373,1744,6
"403","HI",2001,1227024,138000,11.25,67447,1786,8
"404","HI",2002,1240663,138000,11.12,66210,1919,9
"405","HI",2003,1248755,117000,9.37,70941,1823,8
"406","HI",2004,1262124,106000,8.4,74949,2252,6
"407","HI",2005,1273278,110000,8.64,76803,1562,6
"408","HI",2006,1285498,116000,9.02,75496,1961,6
"409","HI",2007,1283388,94000,7.32,77726,2580,4
"410","HI",2008,1288198,125000,9.7,71927,1732,6
"411","HI",2009,1295178,156000,12.04,65289,2373,9
"412","HI",2010,1363359,162000,11.88,68719,3152,8
"413","HI",2011,1378129,162000,11.76,66068,2832,9
"414","HI",2012,1390090,188000,13.52,61648,2471,9
"415","HI",2013,1408987,152000,10.79,69355,4230,8
"416","HI",2014,1420257,147000,10.35,75619,2841,6
"417","HI",2015,1431603,151000,10.55,68379,3010,8
"418","HI",2016,1428683,129000,9.03,75480,2626,6
"419","HI",2017,1424203,144000,10.11,75369,2281,6
"420","HI",2018,1420491,128000,9.01,80108,3482,4
"421","IA",1984,2910000,419000,14.4,45851,1720,7
"422","IA",1985,2884000,505000,17.51,46704,1348,7
"423","IA",1986,2851000,376000,13.19,49261,1645,5
"424","IA",1987,2834000,419000,14.78,47052,1934,7
"425","IA",1988,2834000,263000,9.28,49740,2206,5
"426","IA",1989,2840000,291000,10.25,51499,1553,5
"427","IA",1990,2776755,289000,10.41,50991,1842,5
"428","IA",1991,2795000,271000,9.7,51482,1825,5
"429","IA",1992,2812000,328000,11.66,50567,1710,5
"430","IA",1993,2814000,290000,10.31,49186,2128,5
"431","IA",1994,2829000,302000,10.68,55603,2152,3
"432","IA",1995,2842000,352000,12.39,58300,1546,2
"433","IA",1996,2852000,279000,9.78,53094,2441,3
"434","IA",1997,2852000,270000,9.47,52869,2006,5
"435","IA",1998,2862000,257000,8.98,57159,1856,2
"436","IA",1999,2869413,210000,7.32,62134,1708,9
"437","IA",2000,2926324,237000,8.1,59939,1186,2
"438","IA",2001,2931967,212000,7.23,58258,1611,2
"439","IA",2002,2935840,267000,9.09,57456,1612,2
"440","IA",2003,2941976,260000,8.84,56639,1210,3
"441","IA",2004,2952904,316000,10.7,57823,2027,2
"442","IA",2005,2965524,327000,11.03,59936,1726,2
"443","IA",2006,2982085,301000,10.09,60084,1861,2
"444","IA",2007,2988046,264000,8.84,59377,1762,2
"445","IA",2008,3002555,285000,9.49,58623,1512,2
"446","IA",2009,3007856,319000,10.61,59507,1801,2
"447","IA",2010,3050202,307000,10.06,56573,1549,3
"448","IA",2011,3064097,315000,10.28,56191,2209,3
"449","IA",2012,3075039,310000,10.08,58557,2343,2
"450","IA",2013,3092341,330000,10.67,64951,6623,9
"451","IA",2014,3109481,317000,10.19,61379,3636,2
"452","IA",2015,3121997,321000,10.28,64500,3471,9
"453","IA",2016,3130869,302000,9.65,61836,2599,9
"454","IA",2017,3143637,278000,8.84,65028,5646,9
"455","IA",2018,3156145,277000,8.78,68718,2910,8
"456","ID",1984,1001000,171000,17.08,48688,2223,5
"457","ID",1985,1005000,159000,15.82,46333,1335,7
"458","ID",1986,1003000,180000,17.95,45510,1491,7
"459","ID",1987,998000,150000,15.03,44009,1768,7
"460","ID",1988,999000,124000,12.41,47990,2055,7
"461","ID",1989,1014000,126000,12.43,48341,1869,7
"462","ID",1990,1006749,157000,15.59,47285,1822,7
"463","ID",1991,1039000,144000,13.86,47088,1855,7
"464","ID",1992,1067000,166000,15.56,48739,1538,5
"465","ID",1993,1099000,150000,13.65,53213,2270,3
"466","ID",1994,1133000,137000,12.09,53009,2148,3
"467","ID",1995,1163000,167000,14.36,53633,1832,3
"468","ID",1996,1189000,140000,11.77,55492,2144,3
"469","ID",1997,1210000,183000,15.12,52276,2095,5
"470","ID",1998,1229000,165000,13.43,56636,1683,3
"471","ID",1999,1251700,175000,13.98,54124,2136,3
"472","ID",2000,1293953,162000,12.52,54996,1743,3
"473","ID",2001,1320585,151000,11.43,54370,1373,3
"474","ID",2002,1343124,147000,10.94,52790,1569,5
"475","ID",2003,1367034,138000,10.09,57991,1344,2
"476","ID",2004,1395140,136000,9.75,59112,1848,2
"477","ID",2005,1429367,143000,10,56941,1616,3
"478","ID",2006,1466465,141000,9.61,57696,1638,2
"479","ID",2007,1499402,149000,9.94,59712,1567,2
"480","ID",2008,1523816,185000,12.14,55441,1965,3
"481","ID",2009,1545801,209000,13.52,54881,1483,3
"482","ID",2010,1571102,213000,13.56,54304,2157,3
"483","ID",2011,1583744,248000,15.66,53102,3903,3
"484","ID",2012,1595590,229000,14.35,52508,3477,5
"485","ID",2013,1612843,205000,12.71,52330,5921,5
"486","ID",2014,1634806,199000,12.17,56737,2731,3
"487","ID",2015,1652828,204000,12.34,54716,1335,3
"488","ID",2016,1680026,187000,11.13,59189,1320,2
"489","ID",2017,1718904,202000,11.75,61676,2459,9
"490","ID",2018,1754208,202000,11.52,58728,2405,2
"491","IL",1984,11511000,1753000,15.23,54828,1309,3
"492","IL",1985,11535000,1830000,15.86,55503,1167,3
"493","IL",1986,11533000,1517000,13.15,58148,1391,2
"494","IL",1987,11582000,1655000,14.29,57429,1137,2
"495","IL",1988,11544000,1436000,12.44,60420,1543,2
"496","IL",1989,11658000,1470000,12.61,61372,1222,2
"497","IL",1990,11430602,1606000,14.05,60809,1353,2
"498","IL",1991,11543000,1598000,13.84,57488,1287,2
"499","IL",1992,11631000,1857000,15.97,55507,1323,3
"500","IL",1993,11697000,1600000,13.68,56383,1390,3
"501","IL",1994,11752000,1464000,12.46,58968,1343,2
"502","IL",1995,11830000,1459000,12.33,62488,1436,9
"503","IL",1996,11847000,1429000,12.06,63239,1770,9
"504","IL",1997,11896000,1349000,11.34,64606,1224,9
"505","IL",1998,12045000,1234000,10.24,66669,1905,8
"506","IL",1999,12128370,1215000,10.02,70044,1554,8
"507","IL",2000,12419293,1307000,10.52,67357,1413,8
"508","IL",2001,12520227,1249000,9.98,65644,1250,9
"509","IL",2002,12586447,1594000,12.66,59781,1198,2
"510","IL",2003,12649087,1592000,12.59,61797,1467,9
"511","IL",2004,12712016,1546000,12.16,61403,1097,2
"512","IL",2005,12765427,1441000,11.29,62383,1271,9
"513","IL",2006,12831970,1338000,10.43,60765,1457,2
"514","IL",2007,12852548,1262000,9.82,63745,1153,9
"515","IL",2008,12901563,1564000,12.12,62262,1549,9
"516","IL",2009,12910409,1690000,13.09,62028,1104,9
"517","IL",2010,12841980,1798000,14,58549,1701,2
"518","IL",2011,12859752,1807000,14.05,56658,1537,3
"519","IL",2012,12868192,1608000,12.5,56690,1455,3
"520","IL",2013,12890552,1695000,13.15,58236,3549,2
"521","IL",2014,12882189,1756000,13.63,58306,1725,2
"522","IL",2015,12839047,1380000,10.75,64032,2119,9
"523","IL",2016,12835726,1517000,11.82,64235,1843,9
"524","IL",2017,12786196,1379000,10.79,66184,2048,9
"525","IL",2018,12741080,1292000,10.14,70145,2253,8
"526","IN",1984,5498000,697000,12.68,52561,1639,5
"527","IN",1985,5499000,639000,11.62,50605,1397,5
"528","IN",1986,5504000,674000,12.25,49851,1555,5
"529","IN",1987,5531000,597000,10.79,47750,2002,7
"530","IN",1988,5575000,560000,10.04,53808,1905,3
"531","IN",1989,5593000,749000,13.39,50780,2004,5
"532","IN",1990,5544159,714000,12.88,50318,2054,5
"533","IN",1991,5610000,866000,15.44,48842,1662,5
"534","IN",1992,5662000,661000,11.67,50192,2313,5
"535","IN",1993,5713000,704000,12.32,50579,2335,5
"536","IN",1994,5752000,816000,14.19,46827,1735,7
"537","IN",1995,5803000,545000,9.39,54797,2370,3
"538","IN",1996,5841000,428000,7.33,56193,2075,3
"539","IN",1997,5864000,515000,8.78,60860,1851,2
"540","IN",1998,5899000,547000,9.27,61347,2453,2
"541","IN",1999,5942901,396000,6.66,61741,2599,9
"542","IN",2000,6080485,513000,8.44,59754,993,2
"543","IN",2001,6126743,511000,8.34,57409,1348,2
"544","IN",2002,6156913,552000,8.97,57453,1047,2
"545","IN",2003,6199571,610000,9.84,58064,1313,2
"546","IN",2004,6226537,712000,11.43,56408,1534,3
"547","IN",2005,6266019,774000,12.35,54699,1418,3
"548","IN",2006,6313520,674000,10.68,56690,1543,3
"549","IN",2007,6345289,740000,11.66,57610,1524,2
"550","IN",2008,6376792,901000,14.13,54389,1385,3
"551","IN",2009,6423113,1023000,15.93,51980,1273,5
"552","IN",2010,6490622,1041000,16.04,53253,2970,3
"553","IN",2011,6516353,989000,15.18,49730,2584,5
"554","IN",2012,6537782,964000,14.75,50575,1958,5
"555","IN",2013,6570713,743000,11.31,53397,4867,3
"556","IN",2014,6597880,948000,14.37,51027,2063,5
"557","IN",2015,6612768,880000,13.31,55097,1783,3
"558","IN",2016,6634007,768000,11.58,58697,3011,2
"559","IN",2017,6660082,748000,11.23,60308,2075,2
"560","IN",2018,6691878,761000,11.37,59892,1997,2
"561","KS",1984,2438000,260000,10.66,56853,2105,3
"562","KS",1985,2450000,331000,13.51,50857,2305,5
"563","KS",1986,2461000,269000,10.93,52478,1715,5
"564","KS",1987,2476000,225000,9.09,54247,1908,3
"565","KS",1988,2487000,195000,7.84,52320,2360,5
"566","KS",1989,2513000,262000,10.43,52670,1780,5
"567","KS",1990,2477574,259000,10.45,55904,2203,3
"568","KS",1991,2495000,317000,12.71,52820,1684,5
"569","KS",1992,2523000,279000,11.06,53387,2000,3
"570","KS",1993,2531000,327000,12.92,51086,1963,5
"571","KS",1994,2554000,375000,14.68,47607,1788,7
"572","KS",1995,2565000,273000,10.64,49801,1512,5
"573","KS",1996,2572000,287000,11.16,52097,2334,5
"574","KS",1997,2595000,250000,9.63,57076,2526,3
"575","KS",1998,2629000,250000,9.51,56684,2497,3
"576","KS",1999,2654052,320000,12.06,56465,3142,3
"577","KS",2000,2688418,213000,7.92,60038,1708,2
"578","KS",2001,2702125,267000,9.88,58882,1585,2
"579","KS",2002,2711769,269000,9.92,59654,1465,2
"580","KS",2003,2724786,288000,10.57,60537,1815,2
"581","KS",2004,2733697,304000,11.12,54725,2331,3
"582","KS",2005,2748172,337000,12.26,54171,1270,3
"583","KS",2006,2764075,349000,12.63,56871,1563,3
"584","KS",2007,2775997,319000,11.49,58878,2191,2
"585","KS",2008,2802134,346000,12.35,55975,1648,3
"586","KS",2009,2818747,374000,13.27,52463,2098,5
"587","KS",2010,2859143,400000,13.99,53155,2096,3
"588","KS",2011,2870386,402000,14.01,51634,2182,5
"589","KS",2012,2885398,397000,13.76,54788,1985,3
"590","KS",2013,2895801,373000,12.88,51632,4854,5
"591","KS",2014,2902507,345000,11.89,56743,3040,3
"592","KS",2015,2906721,404000,13.9,58152,3954,2
"593","KS",2016,2907731,321000,11.04,59446,3420,2
"594","KS",2017,2910689,421000,14.46,59283,2969,2
"595","KS",2018,2911505,212000,7.28,63938,2027,9
"596","KY",1984,3723000,709000,19.04,40812,2491,1
"597","KY",1985,3726000,708000,19,38745,1669,1
"598","KY",1986,3728000,630000,16.9,43591,2207,1
"599","KY",1987,3727000,634000,17.01,43835,1991,7
"600","KY",1988,3721000,634000,17.04,40739,1639,1
"601","KY",1989,3727000,576000,15.45,45652,2365,7
"602","KY",1990,3685296,628000,17.04,46304,2267,7
"603","KY",1991,3713000,683000,18.39,42847,1886,1
"604","KY",1992,3755000,731000,19.47,41317,2215,1
"605","KY",1993,3789000,763000,20.14,41829,1872,1
"606","KY",1994,3827000,710000,18.55,44704,1728,7
"607","KY",1995,3860000,572000,14.82,48929,1886,5
"608","KY",1996,3884000,658000,16.94,51822,2301,5
"609","KY",1997,3908000,623000,15.94,52351,2596,5
"610","KY",1998,3936000,521000,13.24,55975,2333,3
"611","KY",1999,3960825,467000,11.79,51007,2244,5
"612","KY",2000,4041769,502000,12.42,53028,1240,3
"613","KY",2001,4068816,503000,12.36,54648,1435,3
"614","KY",2002,4089822,571000,13.96,51456,1223,5
"615","KY",2003,4118189,589000,14.3,50551,1173,5
"616","KY",2004,4141835,723000,17.46,47454,1623,7
"617","KY",2005,4172608,599000,14.36,47303,1157,7
"618","KY",2006,4206074,690000,16.4,49296,1312,5
"619","KY",2007,4241474,653000,15.4,47897,1470,7
"620","KY",2008,4269245,724000,16.96,48108,949,7
"621","KY",2009,4314113,727000,16.85,50054,1540,5
"622","KY",2010,4347223,754000,17.34,47442,3258,7
"623","KY",2011,4366814,689000,15.78,44595,2067,7
"624","KY",2012,4379730,776000,17.72,45018,2082,7
"625","KY",2013,4399583,871000,19.8,48456,4237,7
"626","KY",2014,4412617,861000,19.51,45427,1678,7
"627","KY",2015,4424611,851000,19.23,44926,2405,7
"628","KY",2016,4436113,667000,15.04,47474,2098,7
"629","KY",2017,4453874,633000,14.21,52600,1397,5
"630","KY",2018,4468402,696000,15.58,54555,3668,3
"631","LA",1984,4462000,888000,19.9,43741,2031,7
"632","LA",1985,4481000,781000,17.43,47266,1625,7
"633","LA",1986,4501000,953000,21.17,45819,2097,7
"634","LA",1987,4461000,1071000,24.01,45269,1819,7
"635","LA",1988,4420000,968000,21.9,41947,3017,1
"636","LA",1989,4382000,950000,21.68,44825,3641,7
"637","LA",1990,4219973,952000,22.56,41866,2952,1
"638","LA",1991,4252000,795000,18.7,45615,2084,7
"639","LA",1992,4287000,1043000,24.33,44754,2009,7
"640","LA",1993,4295000,1119000,26.05,45152,1997,7
"641","LA",1994,4315000,1117000,25.89,43159,2523,1
"642","LA",1995,4342000,849000,19.55,45875,1789,7
"643","LA",1996,4351000,873000,20.06,48383,2062,7
"644","LA",1997,4352000,691000,15.88,52051,2427,5
"645","LA",1998,4369000,821000,18.79,49000,2563,5
"646","LA",1999,4372035,823000,18.82,49368,1881,5
"647","LA",2000,4468976,750000,16.78,44917,1211,7
"648","LA",2001,4470368,709000,15.86,47376,1699,7
"649","LA",2002,4476192,777000,17.36,47601,1761,7
"650","LA",2003,4493665,750000,16.69,45858,1510,7
"651","LA",2004,4506685,744000,16.51,48546,1656,7
"652","LA",2005,4507331,748000,16.6,47995,1672,7
"653","LA",2006,4287768,713000,16.63,45555,1779,7
"654","LA",2007,4293204,673000,15.68,50156,1138,5
"655","LA",2008,4410796,788000,17.87,46255,1737,7
"656","LA",2009,4492076,636000,14.16,53303,2127,3
"657","LA",2010,4545343,949000,20.88,45359,3749,7
"658","LA",2011,4574766,947000,20.7,45493,2158,7
"659","LA",2012,4602134,944000,20.51,42826,1765,1
"660","LA",2013,4629284,863000,18.64,50125,2746,5
"661","LA",2014,4648990,1049000,22.56,45024,1977,7
"662","LA",2015,4668960,854000,18.29,48673,2268,7
"663","LA",2016,4686157,923000,19.7,44154,1253,7
"664","LA",2017,4670818,970000,20.77,44973,1488,7
"665","LA",2018,4659978,858000,18.41,49973,1754,5
"666","MA",1984,5798000,519000,8.95,62231,1600,9
"667","MA",1985,5822000,544000,9.34,62951,1808,9
"668","MA",1986,5832000,538000,9.22,66544,1612,8
"669","MA",1987,5855000,477000,8.15,68364,1518,8
"670","MA",1988,5871000,497000,8.47,67970,1717,8
"671","MA",1989,5913000,513000,8.68,70756,1380,8
"672","MA",1990,6016425,626000,10.4,67732,1547,8
"673","MA",1991,5996000,637000,10.62,64393,1424,9
"674","MA",1992,5998000,600000,10,63966,1298,9
"675","MA",1993,6012000,641000,10.66,63602,1628,9
"676","MA",1994,6041000,585000,9.68,68077,1782,8
"677","MA",1995,6074000,665000,10.95,63314,2421,9
"678","MA",1996,6092000,622000,10.21,63143,3089,9
"679","MA",1997,6118000,732000,11.96,65764,2164,9
"680","MA",1998,6147000,528000,8.59,65383,3028,9
"681","MA",1999,6175169,738000,11.95,66529,3058,8
"682","MA",2000,6349097,618000,9.73,68364,1984,8
"683","MA",2001,6401164,561000,8.76,74291,2158,6
"684","MA",2002,6421800,648000,10.09,69782,1614,8
"685","MA",2003,6420357,652000,10.16,69738,1304,8
"686","MA",2004,6407382,594000,9.27,69321,2221,8
"687","MA",2005,6433367,641000,9.96,72203,2261,6
"688","MA",2006,6437193,758000,11.78,69078,2596,8
"689","MA",2007,6449755,707000,10.96,70977,2709,8
"690","MA",2008,6497967,727000,11.19,70523,1957,8
"691","MA",2009,6593587,717000,10.87,69658,2052,8
"692","MA",2010,6555466,711000,10.85,70329,2531,8
"693","MA",2011,6607003,688000,10.41,70842,3610,8
"694","MA",2012,6645303,743000,11.18,69748,4134,8
"695","MA",2013,6708874,784000,11.69,67513,5726,8
"696","MA",2014,6755124,902000,13.35,67049,2826,8
"697","MA",2015,6784240,782000,11.53,71926,2957,6
"698","MA",2016,6823721,649000,9.51,75620,3046,6
"699","MA",2017,6863246,724000,10.55,75012,3409,6
"700","MA",2018,6902149,601000,8.71,86345,2785,4
"701","MD",1984,4349000,358000,8.23,68577,2657,8
"702","MD",1985,4392000,364000,8.29,67256,2156,8
"703","MD",1986,4463000,414000,9.28,67125,2272,8
"704","MD",1987,4535000,420000,9.26,74151,2943,6
"705","MD",1988,4644000,457000,9.84,74803,2448,6
"706","MD",1989,4694000,411000,8.76,70619,2327,8
"707","MD",1990,4781468,468000,9.79,72609,2982,6
"708","MD",1991,4860000,432000,8.89,66625,2555,8
"709","MD",1992,4908000,583000,11.88,65450,2861,9
"710","MD",1993,4965000,479000,9.65,68536,2200,8
"711","MD",1994,5006000,541000,10.81,65888,2353,9
"712","MD",1995,5042000,520000,10.31,67363,2671,8
"713","MD",1996,5072000,522000,10.29,70336,4101,8
"714","MD",1997,5094000,422000,8.28,73060,2310,6
"715","MD",1998,5135000,359000,6.99,77227,3337,4
"716","MD",1999,5171634,367000,7.1,78926,3352,4
"717","MD",2000,5296486,386000,7.29,79743,2047,4
"718","MD",2001,5386079,385000,7.15,76107,2349,6
"719","MD",2002,5450525,400000,7.34,78953,2144,4
"720","MD",2003,5512310,472000,8.56,71598,1674,6
"721","MD",2004,5561332,550000,9.89,76096,2255,6
"722","MD",2005,5589599,542000,9.7,77997,1904,4
"723","MD",2006,5615727,469000,8.35,79488,1999,4
"724","MD",2007,5618344,491000,8.74,79678,2017,4
"725","MD",2008,5633597,481000,8.54,74487,2068,6
"726","MD",2009,5699478,543000,9.53,75305,1964,6
"727","MD",2010,5785681,628000,10.85,74100,2651,6
"728","MD",2011,5839572,537000,9.2,77066,2378,4
"729","MD",2012,5884868,585000,9.94,78711,2028,4
"730","MD",2013,5938737,611000,10.29,74881,3207,6
"731","MD",2014,5975346,584000,9.77,80867,4536,4
"732","MD",2015,5994983,566000,9.44,78002,2853,4
"733","MD",2016,6024752,424000,7.04,77183,2711,4
"734","MD",2017,6024891,467000,7.75,83061,3741,4
"735","MD",2018,6042718,480000,7.94,86223,3331,4
"736","ME",1984,1156000,152000,13.15,47663,2041,7
"737","ME",1985,1164000,134000,11.51,45793,1792,7
"738","ME",1986,1174000,115000,9.8,51377,2128,5
"739","ME",1987,1187000,134000,11.29,50042,2161,5
"740","ME",1988,1206000,159000,13.18,54031,1928,3
"741","ME",1989,1222000,128000,10.47,55335,2724,3
"742","ME",1990,1227928,162000,13.19,51320,2937,5
"743","ME",1991,1235000,171000,13.85,50247,2259,5
"744","ME",1992,1235000,167000,13.52,52105,1805,5
"745","ME",1993,1239000,196000,15.82,47084,2064,7
"746","ME",1994,1240000,113000,9.11,50958,2584,5
"747","ME",1995,1241000,138000,11.12,55573,1786,3
"748","ME",1996,1243000,135000,10.86,55472,1936,3
"749","ME",1997,1242000,124000,9.98,51287,2036,5
"750","ME",1998,1244000,131000,10.53,55030,1620,3
"751","ME",1999,1253040,134000,10.69,58754,1994,2
"752","ME",2000,1274923,128000,10.04,54492,1247,3
"753","ME",2001,1284470,132000,10.28,52054,1354,5
"754","ME",2002,1294894,170000,13.13,51583,1184,5
"755","ME",2003,1309205,149000,11.38,50793,1293,5
"756","ME",2004,1314985,149000,11.33,55076,1630,3
"757","ME",2005,1318220,166000,12.59,56615,1847,3
"758","ME",2006,1321574,134000,10.14,56983,2244,3
"759","ME",2007,1317207,142000,10.78,58146,1697,2
"760","ME",2008,1316456,158000,12,55216,1679,3
"761","ME",2009,1318301,148000,11.23,55730,2040,3
"762","ME",2010,1327379,164000,12.36,55321,1947,3
"763","ME",2011,1328544,178000,13.4,55602,2219,3
"764","ME",2012,1328501,170000,12.8,53863,2462,3
"765","ME",2013,1328702,161000,12.12,59338,4171,2
"766","ME",2014,1330256,190000,14.28,54902,2305,3
"767","ME",2015,1329453,165000,12.41,53796,2045,3
"768","ME",2016,1330232,167000,12.55,53216,3501,3
"769","ME",2017,1335063,158000,11.83,52923,2198,5
"770","ME",2018,1338404,153000,11.43,58663,5683,2
"771","MI",1984,9075000,1495000,16.47,53012,1466,3
"772","MI",1985,9088000,1308000,14.39,54102,1870,3
"773","MI",1986,9145000,1267000,13.85,58354,1421,2
"774","MI",1987,9200000,1095000,11.9,58740,1535,2
"775","MI",1988,9300000,1112000,11.96,60314,1242,2
"776","MI",1989,9273000,1228000,13.24,60342,1549,2
"777","MI",1990,9295297,1315000,14.15,55941,1239,3
"778","MI",1991,9368000,1308000,13.96,57908,1242,2
"779","MI",1992,9437000,1271000,13.47,56767,1339,3
"780","MI",1993,9478000,1475000,15.56,56048,1170,3
"781","MI",1994,9496000,1347000,14.18,59309,1151,2
"782","MI",1995,9549000,1174000,12.29,59788,1632,2
"783","MI",1996,9594000,1068000,11.13,62713,1827,9
"784","MI",1997,9774000,1006000,10.29,60630,1734,2
"785","MI",1998,9817000,1097000,11.17,64574,1416,9
"786","MI",1999,9863775,978000,9.92,69680,1551,8
"787","MI",2000,9938444,967000,9.73,66549,1601,8
"788","MI",2001,10006266,927000,9.26,64046,1234,9
"789","MI",2002,10043221,1152000,11.47,59788,1561,2
"790","MI",2003,10082364,1125000,11.16,61618,1300,9
"791","MI",2004,10104206,1318000,13.04,56311,1143,3
"792","MI",2005,10100833,1196000,11.84,59205,1179,2
"793","MI",2006,10095643,1323000,13.1,60735,1206,2
"794","MI",2007,10071822,1076000,10.68,59938,969,2
"795","MI",2008,10003422,1273000,12.73,58209,1349,2
"796","MI",2009,9969727,1376000,13.8,53961,1177,3
"797","MI",2010,9877143,1530000,15.49,53411,2005,3
"798","MI",2011,9876801,1449000,14.67,54691,2063,3
"799","MI",2012,9882519,1331000,13.47,54802,1660,3
"800","MI",2013,9898193,1428000,14.43,61076,1713,2
"801","MI",2014,9916306,1462000,14.74,55215,1273,3
"802","MI",2015,9917715,1259000,12.69,57450,2125,2
"803","MI",2016,9933445,1091000,10.98,59740,1997,2
"804","MI",2017,9976447,1259000,12.62,59107,2394,2
"805","MI",2018,9995915,1036000,10.36,60449,1906,2
"806","MN",1984,4162000,381000,9.15,56407,2110,3
"807","MN",1985,4193000,523000,12.47,53240,2281,3
"808","MN",1986,4214000,517000,12.27,57999,2522,2
"809","MN",1987,4246000,484000,11.4,59545,2360,2
"810","MN",1988,4306000,514000,11.94,59526,2130,2
"811","MN",1989,4353000,478000,10.98,59186,2506,2
"812","MN",1990,4375099,524000,11.98,58796,1921,2
"813","MN",1991,4432000,564000,12.73,53151,2066,3
"814","MN",1992,4480000,561000,12.52,54504,2282,3
"815","MN",1993,4517000,506000,11.2,57799,2080,2
"816","MN",1994,4567000,523000,11.45,56553,2286,3
"817","MN",1995,4610000,427000,9.26,62262,3033,9
"818","MN",1996,4658000,458000,9.83,65536,1959,9
"819","MN",1997,4686000,457000,9.75,66611,2363,8
"820","MN",1998,4725000,498000,10.54,74000,3266,6
"821","MN",1999,4775508,354000,7.41,71115,2309,8
"822","MN",2000,4919479,276000,5.61,79328,2490,4
"823","MN",2001,4984535,361000,7.24,74900,1612,6
"824","MN",2002,5024791,325000,6.47,76454,1674,6
"825","MN",2003,5064172,376000,7.42,72294,1681,6
"826","MN",2004,5096546,356000,6.99,74765,1426,6
"827","MN",2005,5126739,412000,8.04,69880,1603,8
"828","MN",2006,5167101,422000,8.17,70178,1521,8
"829","MN",2007,5197621,482000,9.27,70485,2292,8
"830","MN",2008,5220393,506000,9.69,64215,1668,9
"831","MN",2009,5266214,576000,10.94,65806,1451,9
"832","MN",2010,5310658,563000,10.6,60388,1854,2
"833","MN",2011,5347299,528000,9.87,64695,2663,9
"834","MN",2012,5379646,534000,9.93,67709,1467,8
"835","MN",2013,5422060,649000,11.97,69451,4310,8
"836","MN",2014,5457125,447000,8.19,71395,3405,8
"837","MN",2015,5482435,428000,7.81,72847,3246,6
"838","MN",2016,5525050,470000,8.51,73477,4233,6
"839","MN",2017,5568155,519000,9.32,73673,3064,6
"840","MN",2018,5611179,456000,8.13,71817,3656,6
"841","MO",1984,5008000,720000,14.38,47956,1650,7
"842","MO",1985,5029000,689000,13.7,48962,1357,5
"843","MO",1986,5066000,722000,14.25,48089,1693,7
"844","MO",1987,5103000,716000,14.03,50296,2475,5
"845","MO",1988,5139000,662000,12.88,47976,2227,7
"846","MO",1989,5159000,654000,12.68,51954,1463,5
"847","MO",1990,5117073,700000,13.68,51073,2605,5
"848","MO",1991,5158000,740000,14.35,50351,2551,5
"849","MO",1992,5193000,795000,15.31,48136,2553,7
"850","MO",1993,5234000,832000,15.9,49219,2516,5
"851","MO",1994,5278000,797000,15.1,50747,2424,5
"852","MO",1995,5324000,484000,9.09,57161,2254,2
"853","MO",1996,5359000,500000,9.33,54783,2419,3
"854","MO",1997,5402000,627000,11.61,57204,3224,2
"855","MO",1998,5439000,531000,9.76,62072,2884,9
"856","MO",1999,5468338,647000,11.83,62565,1801,9
"857","MO",2000,5595211,505000,9.03,65943,1736,9
"858","MO",2001,5637309,537000,9.53,58774,1712,2
"859","MO",2002,5669544,122000,2.15,59873,1503,2
"860","MO",2003,5719204,602000,10.53,59893,1198,2
"861","MO",2004,5759532,129000,2.24,56152,1430,3
"862","MO",2005,5797703,659000,11.37,55407,1275,3
"863","MO",2006,5842713,659000,11.28,55656,1750,3
"864","MO",2007,5878415,742000,12.62,55852,1340,3
"865","MO",2008,5911605,780000,13.19,53825,1340,3
"866","MO",2009,5987580,926000,15.47,57217,1871,2
"867","MO",2010,5995715,890000,14.84,52881,2490,5
"868","MO",2011,6008984,910000,15.14,51217,2413,5
"869","MO",2012,6024522,905000,15.02,54527,2237,3
"870","MO",2013,6044917,824000,13.63,49994,4464,5
"871","MO",2014,6063827,620000,10.22,60126,3217,2
"872","MO",2015,6076204,582000,9.58,62742,2763,9
"873","MO",2016,6091176,762000,12.51,57569,1799,2
"874","MO",2017,6108612,666000,10.9,58272,2675,2
"875","MO",2018,6126452,745000,12.16,61726,2442,9
"876","MS",1984,2598000,628000,24.17,35618,1690,1
"877","MS",1985,2613000,644000,24.65,36630,1381,1
"878","MS",1986,2625000,695000,26.48,36219,1402,1
"879","MS",1987,2625000,637000,24.27,39255,1910,1
"880","MS",1988,2627000,704000,26.8,37176,1817,1
"881","MS",1989,2621000,566000,21.59,39053,1857,1
"882","MS",1990,2573216,684000,26.58,37705,1499,1
"883","MS",1991,2592000,635000,24.5,35114,1899,1
"884","MS",1992,2614000,671000,25.67,36188,1889,1
"885","MS",1993,2643000,639000,24.18,38080,2109,1
"886","MS",1994,2669000,515000,19.3,42695,1264,1
"887","MS",1995,2697000,630000,23.36,43559,1687,1
"888","MS",1996,2716000,575000,21.17,42651,2104,1
"889","MS",1997,2731000,455000,16.66,44600,2169,7
"890","MS",1998,2752000,486000,17.66,44963,1788,7
"891","MS",1999,2768619,446000,16.11,49102,2129,5
"892","MS",2000,2844658,418000,14.69,50153,1980,5
"893","MS",2001,2859733,539000,18.85,42882,1686,1
"894","MS",2002,2866733,513000,17.89,43225,1072,1
"895","MS",2003,2882594,456000,15.82,44792,1523,7
"896","MS",2004,2900768,536000,18.48,46315,1509,7
"897","MS",2005,2908496,571000,19.63,42374,1665,1
"898","MS",2006,2910540,596000,20.48,43363,1976,1
"899","MS",2007,2918785,655000,22.44,45259,1155,7
"900","MS",2008,2938618,525000,17.87,42611,970,1
"901","MS",2009,2951996,658000,22.29,41154,1530,1
"902","MS",2010,2970072,658000,22.15,44044,3266,7
"903","MS",2011,2977457,510000,17.13,45976,2647,7
"904","MS",2012,2986450,636000,21.3,40148,1694,1
"905","MS",2013,2992206,657000,21.96,34916,2948,1
"906","MS",2014,2993443,654000,21.85,37714,1374,1
"907","MS",2015,2989390,563000,18.83,42435,1135,1
"908","MS",2016,2985415,622000,20.83,43006,1283,1
"909","MS",2017,2989663,538000,18,44500,2258,7
"910","MS",2018,2986530,567000,18.99,42781,2304,1
"911","MT",1984,824000,115000,13.96,45096,1662,7
"912","MT",1985,826000,134000,16.22,45162,1785,7
"913","MT",1986,819000,136000,16.61,44587,1643,7
"914","MT",1987,809000,144000,17.8,43413,1694,1
"915","MT",1988,804000,116000,14.43,45495,1697,7
"916","MT",1989,806000,127000,15.76,46454,2571,7
"917","MT",1990,799065,134000,16.77,43679,1837,1
"918","MT",1991,808000,127000,15.72,44764,1605,7
"919","MT",1992,824000,118000,14.32,46665,1281,7
"920","MT",1993,839000,127000,15.14,45423,1656,7
"921","MT",1994,856000,97000,11.33,46445,2094,7
"922","MT",1995,870000,133000,15.29,45559,1814,7
"923","MT",1996,879000,155000,17.63,45860,2504,7
"924","MT",1997,879000,139000,15.81,45716,1792,7
"925","MT",1998,880000,153000,17.39,48756,1749,5
"926","MT",1999,882779,141000,15.97,46925,1460,7
"927","MT",2000,902195,126000,13.97,47928,1464,7
"928","MT",2001,905382,119000,13.14,45675,1048,7
"929","MT",2002,910372,122000,13.4,48758,1696,5
"930","MT",2003,918157,139000,15.14,46681,1460,7
"931","MT",2004,926920,129000,13.92,45250,945,7
"932","MT",2005,934737,128000,13.69,48095,1496,7
"933","MT",2006,944632,125000,13.23,51319,870,5
"934","MT",2007,957861,122000,12.74,52999,2063,3
"935","MT",2008,967440,125000,12.92,50156,2062,5
"936","MT",2009,974989,131000,13.44,47442,1176,7
"937","MT",2010,990958,142000,14.33,47645,2132,7
"938","MT",2011,997667,163000,16.34,45066,2278,7
"939","MT",2012,1005494,134000,13.33,49403,2810,5
"940","MT",2013,1014864,145000,14.29,46644,6420,7
"941","MT",2014,1023252,121000,11.83,54256,1888,3
"942","MT",2015,1032073,121000,11.72,54474,3113,3
"943","MT",2016,1038656,121000,11.65,59724,3014,2
"944","MT",2017,1053090,101000,9.59,60527,2652,2
"945","MT",2018,1062305,107000,10.07,57679,2876,2
"946","NC",1984,6165000,860000,13.95,47481,1480,7
"947","NC",1985,6255000,863000,13.8,47873,1306,7
"948","NC",1986,6331000,884000,13.96,47949,1531,7
"949","NC",1987,6413000,853000,13.3,48261,1149,7
"950","NC",1988,6526000,796000,12.2,49965,1097,5
"951","NC",1989,6571000,770000,11.72,51776,1014,5
"952","NC",1990,6628637,829000,12.51,49199,1039,5
"953","NC",1991,6737000,964000,14.31,48417,920,7
"954","NC",1992,6843000,1080000,15.78,48857,1084,5
"955","NC",1993,6945000,966000,13.91,49455,1121,5
"956","NC",1994,7070000,980000,13.86,50619,1126,5
"957","NC",1995,7195000,877000,12.19,52489,1458,5
"958","NC",1996,7323000,885000,12.09,56919,1612,3
"959","NC",1997,7425000,839000,11.3,56088,1435,3
"960","NC",1998,7546000,1039000,13.77,55336,1578,3
"961","NC",1999,7650789,1069000,13.97,56323,1451,3
"962","NC",2000,8049313,1000000,12.42,56029,1179,3
"963","NC",2001,8206105,1013000,12.34,54257,1352,3
"964","NC",2002,8305820,1165000,14.03,51110,1002,5
"965","NC",2003,8421190,1289000,15.31,51021,1288,5
"966","NC",2004,8540468,1229000,14.39,53622,1082,3
"967","NC",2005,8672459,1115000,12.86,54208,1243,3
"968","NC",2006,8856505,1225000,13.83,49686,1018,5
"969","NC",2007,9061032,1423000,15.7,52827,1301,5
"970","NC",2008,9222414,1285000,13.93,50191,989,5
"971","NC",2009,9380884,1576000,16.8,49165,676,5
"972","NC",2010,9560234,1633000,17.08,50588,2219,5
"973","NC",2011,9651103,1459000,15.12,50581,1746,5
"974","NC",2012,9748364,1652000,16.95,45530,1418,7
"975","NC",2013,9848917,1793000,18.21,50030,3211,5
"976","NC",2014,9940387,1678000,16.88,49672,1816,5
"977","NC",2015,10035186,1509000,15.04,53840,1423,3
"978","NC",2016,10156689,1363000,13.42,56259,1705,3
"979","NC",2017,10270800,1494000,14.55,51570,1803,5
"980","NC",2018,10383620,1355000,13.05,53369,1761,3
"981","ND",1984,686000,106000,15.45,47947,2396,7
"982","ND",1985,685000,108000,15.77,47324,1805,7
"983","ND",1986,679000,88000,12.96,47175,1722,7
"984","ND",1987,672000,75000,11.16,47870,1919,7
"985","ND",1988,663000,76000,11.46,49304,2065,5
"986","ND",1989,660000,79000,11.97,49468,1771,5
"987","ND",1990,638800,87000,13.62,47209,1874,7
"988","ND",1991,635000,92000,14.49,46684,1680,7
"989","ND",1992,636000,74000,11.64,47428,1585,7
"990","ND",1993,635000,70000,11.02,48251,1433,7
"991","ND",1994,638000,65000,10.19,47533,1874,7
"992","ND",1995,641000,76000,11.86,47746,1998,7
"993","ND",1996,644000,69000,10.71,50314,1893,5
"994","ND",1997,641000,87000,13.57,49548,2130,5
"995","ND",1998,638000,97000,15.2,46791,1820,7
"996","ND",1999,633666,81000,12.78,49382,2091,5
"997","ND",2000,642200,65000,10.12,52635,1557,5
"998","ND",2001,636550,86000,13.51,50889,1143,5
"999","ND",2002,633911,73000,11.52,50669,1153,5
"1000","ND",2003,633400,61000,9.63,55306,1166,3
"1001","ND",2004,636308,61000,9.59,52265,1667,5
"1002","ND",2005,634605,70000,11.03,54383,1574,3
"1003","ND",2006,635867,70000,11.01,51246,1754,5
"1004","ND",2007,639715,57000,8.91,57309,1554,2
"1005","ND",2008,641481,74000,11.54,58026,1389,2
"1006","ND",2009,646844,69000,10.67,58749,2039,2
"1007","ND",2010,674629,82000,12.15,58870,2667,2
"1008","ND",2011,684740,67000,9.78,63063,3312,9
"1009","ND",2012,701345,79000,11.26,61103,2326,2
"1010","ND",2013,723857,71000,9.81,63867,3726,9
"1011","ND",2014,740040,71000,9.59,64479,3332,9
"1012","ND",2015,756835,82000,10.83,60854,3427,2
"1013","ND",2016,755548,83000,10.99,62977,2396,9
"1014","ND",2017,755176,84000,11.12,61346,1717,2
"1015","ND",2018,760077,72000,9.47,66505,3095,8
"1016","NE",1984,1606000,213000,13.26,49392,1766,5
"1017","NE",1985,1606000,235000,14.63,48650,2040,7
"1018","NE",1986,1598000,220000,13.77,47754,1785,7
"1019","NE",1987,1594000,191000,11.98,49338,1614,5
"1020","NE",1988,1601000,164000,10.24,51488,1965,5
"1021","NE",1989,1611000,204000,12.66,51605,2982,5
"1022","NE",1990,1578385,167000,10.58,51353,2108,5
"1023","NE",1991,1593000,157000,9.86,53278,1816,3
"1024","NE",1992,1606000,169000,10.52,52863,1884,5
"1025","NE",1993,1607000,169000,10.52,53210,1429,3
"1026","NE",1994,1623000,146000,9,53443,1876,3
"1027","NE",1995,1637000,159000,9.71,54049,1896,3
"1028","NE",1996,1652000,169000,10.23,54381,2398,3
"1029","NE",1997,1657000,163000,9.84,54292,2391,3
"1030","NE",1998,1663000,211000,12.69,56223,2392,3
"1031","NE",1999,1666028,184000,11.04,58397,2065,2
"1032","NE",2000,1711263,145000,8.47,61048,1489,2
"1033","NE",2001,1720039,158000,9.19,62004,1587,9
"1034","NE",2002,1727564,181000,10.48,59901,1453,2
"1035","NE",2003,1737475,168000,9.67,60184,1787,2
"1036","NE",2004,1747704,163000,9.33,58350,1775,2
"1037","NE",2005,1758163,167000,9.5,61770,1865,9
"1038","NE",2006,1768331,180000,10.18,60108,1860,2
"1039","NE",2007,1774571,174000,9.81,59700,1674,2
"1040","NE",2008,1783432,188000,10.54,59308,1466,2
"1041","NE",2009,1796619,176000,9.8,58186,1944,2
"1042","NE",2010,1830141,184000,10.05,60599,2033,2
"1043","NE",2011,1842234,187000,10.15,62229,3013,9
"1044","NE",2012,1855350,226000,12.18,57191,2957,2
"1045","NE",2013,1868969,202000,10.81,62216,4553,9
"1046","NE",2014,1882980,221000,11.74,60380,2393,2
"1047","NE",2015,1893765,192000,10.14,64097,3113,9
"1048","NE",2016,1907603,179000,9.38,62129,2802,9
"1049","NE",2017,1917575,194000,10.12,61072,2917,2
"1050","NE",2018,1929268,199000,10.31,67575,3933,8
"1051","NH",1984,977000,68000,6.96,59819,1697,2
"1052","NH",1985,998000,59000,5.91,58925,2397,2
"1053","NH",1986,1027000,37000,3.6,67003,1818,8
"1054","NH",1987,1057000,51000,4.82,68570,3075,8
"1055","NH",1988,1097000,73000,6.65,70860,2310,8
"1056","NH",1989,1107000,84000,7.59,73591,2688,6
"1057","NH",1990,1109252,68000,6.13,76249,2453,6
"1058","NH",1991,1105000,81000,7.33,64967,2414,9
"1059","NH",1992,1111000,97000,8.73,69379,3381,8
"1060","NH",1993,1125000,112000,9.96,65147,2780,9
"1061","NH",1994,1137000,87000,7.65,59244,3088,2
"1062","NH",1995,1148000,60000,5.23,64294,2554,9
"1063","NH",1996,1162000,73000,6.28,63003,2772,9
"1064","NH",1997,1173000,109000,9.29,64160,2510,9
"1065","NH",1998,1185000,119000,10.04,69417,2881,8
"1066","NH",1999,1201134,96000,7.99,69629,2951,8
"1067","NH",2000,1235786,56000,4.53,74466,1818,6
"1068","NH",2001,1259359,81000,6.43,72980,1022,6
"1069","NH",2002,1274405,73000,5.73,77433,1804,4
"1070","NH",2003,1288705,73000,5.66,76050,1785,6
"1071","NH",2004,1299169,71000,5.47,75712,1764,6
"1072","NH",2005,1306819,73000,5.59,73450,2611,6
"1073","NH",2006,1314895,71000,5.4,77368,1847,4
"1074","NH",2007,1315828,76000,5.78,82041,2241,4
"1075","NH",2008,1315809,91000,6.92,77369,3746,4
"1076","NH",2009,1324575,103000,7.78,75240,2178,6
"1077","NH",2010,1316807,84000,6.38,76907,1906,4
"1078","NH",2011,1317807,99000,7.51,73714,1848,6
"1079","NH",2012,1321617,106000,8.02,74310,2437,6
"1080","NH",2013,1322616,119000,9,74607,4283,6
"1081","NH",2014,1327996,95000,7.15,77928,3454,4
"1082","NH",2015,1330111,94000,7.07,80208,3730,4
"1083","NH",2016,1335015,84000,6.29,79799,3048,4
"1084","NH",2017,1349767,88000,6.52,76624,3115,6
"1085","NH",2018,1356458,82000,6.05,81346,3394,4
"1086","NJ",1984,7515000,758000,10.09,64117,1847,9
"1087","NJ",1985,7562000,631000,8.34,69139,1435,8
"1088","NJ",1986,7620000,679000,8.91,69562,1847,8
"1089","NJ",1987,7672000,626000,8.16,72605,1684,6
"1090","NJ",1988,7720000,475000,6.15,74261,1347,6
"1091","NJ",1989,7736000,622000,8.04,76705,1859,6
"1092","NJ",1990,7730188,711000,9.2,72379,1614,6
"1093","NJ",1991,7760000,754000,9.72,72209,1863,6
"1094","NJ",1992,7789000,803000,10.31,68612,1480,8
"1095","NJ",1993,7879000,866000,10.99,69498,1692,8
"1096","NJ",1994,7904000,730000,9.24,71069,1788,8
"1097","NJ",1995,7945000,617000,7.77,72095,2298,6
"1098","NJ",1996,7988000,726000,9.09,75891,1946,6
"1099","NJ",1997,8053000,737000,9.15,75151,2229,6
"1100","NJ",1998,8115000,693000,8.54,76934,2217,4
"1101","NJ",1999,8143412,646000,7.93,75191,2124,6
"1102","NJ",2000,8414350,612000,7.27,73704,1449,6
"1103","NJ",2001,8511116,683000,8.02,73606,1327,6
"1104","NJ",2002,8575252,681000,7.94,76379,2247,6
"1105","NJ",2003,8642412,741000,8.57,76704,1400,6
"1106","NJ",2004,8685166,693000,7.98,73660,1710,6
"1107","NJ",2005,8703150,592000,6.8,81678,2909,4
"1108","NJ",2006,8724560,762000,8.73,84970,2471,4
"1109","NJ",2007,8685920,742000,8.54,73460,1770,6
"1110","NJ",2008,8682661,787000,9.06,76352,2686,6
"1111","NJ",2009,8707739,806000,9.26,75998,2251,6
"1112","NJ",2010,8799593,966000,10.98,72677,2820,6
"1113","NJ",2011,8834773,988000,11.18,69751,3388,8
"1114","NJ",2012,8867749,814000,9.18,73075,2148,6
"1115","NJ",2013,8911502,984000,11.04,68836,4820,8
"1116","NJ",2014,8938844,1013000,11.33,69270,2859,8
"1117","NJ",2015,8935421,1004000,11.24,72452,3320,6
"1118","NJ",2016,8978416,828000,9.22,71645,3000,6
"1119","NJ",2017,8888543,774000,8.71,74776,3072,6
"1120","NJ",2018,8908520,725000,8.14,74176,2845,6
"1121","NM",1984,1424000,280000,19.66,47622,2375,7
"1122","NM",1985,1450000,267000,18.41,45579,2288,7
"1123","NM",1986,1479000,306000,20.69,43527,1520,1
"1124","NM",1987,1500000,280000,18.67,44016,1317,7
"1125","NM",1988,1510000,343000,22.72,39489,1705,1
"1126","NM",1989,1528000,297000,19.44,44317,2018,7
"1127","NM",1990,1515069,319000,21.06,46788,1958,7
"1128","NM",1991,1548000,349000,22.55,47852,2155,7
"1129","NM",1992,1581000,348000,22.01,45495,2370,7
"1130","NM",1993,1616000,282000,17.45,45917,1464,7
"1131","NM",1994,1654000,356000,21.52,45225,2323,7
"1132","NM",1995,1685000,457000,27.12,42661,1806,1
"1133","NM",1996,1713000,472000,27.55,40107,1744,1
"1134","NM",1997,1730000,387000,22.37,47083,1811,7
"1135","NM",1998,1737000,371000,21.36,48704,2159,5
"1136","NM",1999,1739844,383000,22.01,49247,2640,5
"1137","NM",2000,1819046,312000,17.15,51314,1825,5
"1138","NM",2001,1830935,323000,17.64,47094,1760,7
"1139","NM",2002,1852044,328000,17.71,49629,1485,5
"1140","NM",2003,1878562,338000,17.99,48045,1563,7
"1141","NM",2004,1903006,314000,16.5,52721,2111,5
"1142","NM",2005,1925985,347000,18.02,50201,2191,5
"1143","NM",2006,1954599,328000,16.78,49974,1569,5
"1144","NM",2007,1969915,271000,13.76,53850,1790,3
"1145","NM",2008,1984356,381000,19.2,49223,1615,5
"1146","NM",2009,2009671,381000,18.96,51084,1753,5
"1147","NM",2010,2065913,372000,18.01,52093,3481,5
"1148","NM",2011,2078674,451000,21.7,46974,2410,7
"1149","NM",2012,2083540,420000,20.16,47580,2484,7
"1150","NM",2013,2086895,454000,21.75,43368,4759,1
"1151","NM",2014,2085567,406000,19.47,49568,3516,5
"1152","NM",2015,2080328,400000,19.23,47822,3058,7
"1153","NM",2016,2085432,364000,17.45,50699,3098,5
"1154","NM",2017,2093395,380000,18.15,49022,2017,5
"1155","NM",2018,2095428,342000,16.32,48283,2202,7
"1156","NV",1984,911000,101000,11.09,59500,2350,2
"1157","NV",1985,936000,139000,14.85,51942,2243,5
"1158","NV",1986,963000,82000,8.52,57503,1963,2
"1159","NV",1987,1007000,107000,10.63,56992,2392,3
"1160","NV",1988,1060000,93000,8.77,57267,1956,2
"1161","NV",1989,1111000,121000,10.89,57529,1859,2
"1162","NV",1990,1201833,119000,9.9,59839,2203,2
"1163","NV",1991,1284000,141000,10.98,59386,2820,2
"1164","NV",1992,1327000,199000,15,56135,1400,3
"1165","NV",1993,1389000,141000,10.15,61457,1850,9
"1166","NV",1994,1457000,168000,11.53,60296,2579,2
"1167","NV",1995,1530000,173000,11.31,59227,2157,2
"1168","NV",1996,1603000,133000,8.3,61617,2582,9
"1169","NV",1997,1677000,190000,11.33,60805,2466,2
"1170","NV",1998,1747000,195000,11.16,61385,1891,2
"1171","NV",1999,1809253,229000,12.66,62683,2667,9
"1172","NV",2000,1998257,180000,9.01,66909,1478,8
"1173","NV",2001,2097722,152000,7.25,64552,1607,9
"1174","NV",2002,2167455,188000,8.67,62928,1625,9
"1175","NV",2003,2242207,244000,10.88,61840,2127,9
"1176","NV",2004,2332898,260000,11.14,62905,1842,9
"1177","NV",2005,2412301,260000,10.78,62139,2165,9
"1178","NV",2006,2495529,241000,9.66,65273,1563,9
"1179","NV",2007,2565382,250000,9.75,65629,1571,9
"1180","NV",2008,2600167,278000,10.69,64004,3108,9
"1181","NV",2009,2643085,343000,12.98,60344,1287,2
"1182","NV",2010,2704283,446000,16.49,59094,2218,2
"1183","NV",2011,2720028,414000,15.22,52637,2986,5
"1184","NV",2012,2754354,433000,15.72,51863,2775,5
"1185","NV",2013,2791494,480000,17.2,55979,3431,3
"1186","NV",2014,2838281,478000,16.84,52954,1949,3
"1187","NV",2015,2883758,371000,12.87,55123,2408,3
"1188","NV",2016,2939254,298000,10.14,58003,2236,2
"1189","NV",2017,2972405,409000,13.76,57929,3113,2
"1190","NV",2018,3034392,390000,12.85,61864,2116,9
"1191","NY",1984,17735000,2806000,15.82,50846,963,5
"1192","NY",1985,17783000,2796000,15.72,52756,1167,5
"1193","NY",1986,17772000,2322000,13.07,54889,1040,3
"1194","NY",1987,17825000,2506000,14.06,55945,967,3
"1195","NY",1988,17898000,2369000,13.24,59174,1367,2
"1196","NY",1989,17950000,2254000,12.56,61756,888,9
"1197","NY",1990,17990455,2571000,14.29,59032,955,2
"1198","NY",1991,18058000,2736000,15.15,57325,970,2
"1199","NY",1992,18119000,2820000,15.56,54627,931,3
"1200","NY",1993,18197000,2981000,16.38,54392,954,3
"1201","NY",1994,18169000,3097000,17.05,53619,802,3
"1202","NY",1995,18136000,3020000,16.65,54211,1175,3
"1203","NY",1996,18185000,3058000,16.82,56613,1193,3
"1204","NY",1997,18137000,2979000,16.42,56022,992,3
"1205","NY",1998,18175000,3068000,16.88,57738,1200,2
"1206","NY",1999,18196601,2676000,14.71,60458,1329,2
"1207","NY",2000,18976457,2604000,13.72,59577,850,2
"1208","NY",2001,19084350,2664000,13.96,59876,853,2
"1209","NY",2002,19134293,2690000,14.06,58740,812,2
"1210","NY",2003,19212425,2707000,14.09,58560,1193,2
"1211","NY",2004,19280727,2847000,14.77,59500,1055,2
"1212","NY",2005,19315721,2760000,14.29,60808,1066,2
"1213","NY",2006,19306183,2668000,13.82,60204,1235,2
"1214","NY",2007,19297729,2757000,14.29,59421,1114,2
"1215","NY",2008,19490297,2734000,14.03,58996,797,2
"1216","NY",2009,19541453,3018000,15.44,58915,703,2
"1217","NY",2010,19395206,3062000,15.79,57456,1524,2
"1218","NY",2011,19501616,3085000,15.82,56657,1126,3
"1219","NY",2012,19576125,3328000,17,52243,1737,5
"1220","NY",2013,19695680,2825000,14.34,53949,2448,3
"1221","NY",2014,19748858,2755000,13.95,57662,1891,2
"1222","NY",2015,19747183,2791000,14.13,61480,2337,9
"1223","NY",2016,19836286,2314000,11.67,64288,1470,9
"1224","NY",2017,19590719,2641000,13.48,63969,2144,9
"1225","NY",2018,19542209,2145000,10.98,67274,1722,8
"1226","OH",1984,10752000,1429000,13.29,53376,1136,3
"1227","OH",1985,10744000,1359000,12.65,56182,1259,3
"1228","OH",1986,10752000,1372000,12.76,55086,1290,3
"1229","OH",1987,10784000,1375000,12.75,54649,1177,3
"1230","OH",1988,10872000,1356000,12.47,56770,1302,3
"1231","OH",1989,10907000,1143000,10.48,56903,1284,3
"1232","OH",1990,10847115,1256000,11.58,56083,1345,3
"1233","OH",1991,10939000,1488000,13.6,53712,1368,3
"1234","OH",1992,11016000,1398000,12.69,55248,1033,3
"1235","OH",1993,11091000,1461000,13.17,53685,1129,3
"1236","OH",1994,11102000,1571000,14.15,53545,982,3
"1237","OH",1995,11151000,1285000,11.52,57351,1622,2
"1238","OH",1996,11173000,1424000,12.75,54471,1700,3
"1239","OH",1997,11186000,1231000,11,56548,1399,3
"1240","OH",1998,11209000,1253000,11.18,60102,2433,2
"1241","OH",1999,11256654,1343000,11.93,59702,1495,2
"1242","OH",2000,11353140,1117000,9.84,62821,1070,9
"1243","OH",2001,11389785,1174000,10.31,59408,940,2
"1244","OH",2002,11408699,1099000,9.63,59745,1088,2
"1245","OH",2003,11437680,1226000,10.72,59562,1273,2
"1246","OH",2004,11450143,1304000,11.39,57376,1302,2
"1247","OH",2005,11470685,1392000,12.14,56975,1348,3
"1248","OH",2006,11478006,1371000,11.94,57305,790,2
"1249","OH",2007,11466917,1446000,12.61,59609,1317,2
"1250","OH",2008,11485910,1557000,13.56,54873,991,3
"1251","OH",2009,11542645,1526000,13.22,53826,734,3
"1252","OH",2010,11537968,1746000,15.13,52961,1723,3
"1253","OH",2011,11541007,1708000,14.8,49957,1343,5
"1254","OH",2012,11553031,1751000,15.16,48622,1888,7
"1255","OH",2013,11572005,1571000,13.58,54793,2643,3
"1256","OH",2014,11596998,1792000,15.45,52708,1479,5
"1257","OH",2015,11605090,1550000,13.36,56494,2074,3
"1258","OH",2016,11622554,1573000,13.53,56490,1982,3
"1259","OH",2017,11664129,1458000,12.5,61225,1936,2
"1260","OH",2018,11689442,1365000,11.68,61633,2254,9
"1261","OK",1984,3298000,426000,12.92,48817,1657,5
"1262","OK",1985,3301000,526000,15.93,47324,1705,7
"1263","OK",1986,3305000,469000,14.19,45946,1910,7
"1264","OK",1987,3272000,547000,16.72,45994,1874,7
"1265","OK",1988,3263000,543000,16.64,48434,1547,7
"1266","OK",1989,3224000,460000,14.27,46405,2424,7
"1267","OK",1990,3145585,481000,15.29,45564,1951,7
"1268","OK",1991,3175000,541000,17.04,45909,1945,7
"1269","OK",1992,3212000,607000,18.9,44482,1891,7
"1270","OK",1993,3231000,662000,20.49,45062,2560,7
"1271","OK",1994,3258000,540000,16.57,45369,2039,7
"1272","OK",1995,3278000,548000,16.72,43186,1444,1
"1273","OK",1996,3301000,556000,16.84,43866,1741,7
"1274","OK",1997,3317000,456000,13.75,49063,1604,5
"1275","OK",1998,3347000,458000,13.68,52076,1902,5
"1276","OK",1999,3358044,424000,12.63,49412,2254,5
"1277","OK",2000,3450654,503000,14.58,47423,1037,7
"1278","OK",2001,3469577,508000,14.64,50627,981,5
"1279","OK",2002,3489700,489000,14.01,51030,858,5
"1280","OK",2003,3506469,440000,12.55,49136,1069,5
"1281","OK",2004,3523546,373000,10.59,52790,1495,5
"1282","OK",2005,3543442,543000,15.32,48523,1868,7
"1283","OK",2006,3579212,531000,14.84,48488,1994,7
"1284","OK",2007,3617316,476000,13.16,52466,1764,5
"1285","OK",2008,3642361,484000,13.29,53910,1088,3
"1286","OK",2009,3687050,468000,12.69,53825,1336,3
"1287","OK",2010,3760184,603000,16.04,49749,2393,5
"1288","OK",2011,3784163,522000,13.79,54217,2680,3
"1289","OK",2012,3815780,668000,17.51,53040,3091,3
"1290","OK",2013,3853118,518000,13.44,49841,3716,5
"1291","OK",2014,3879610,647000,16.68,50113,2946,5
"1292","OK",2015,3907414,551000,14.1,49897,2053,5
"1293","OK",2016,3921207,571000,14.56,53307,1729,3
"1294","OK",2017,3932640,482000,12.26,56347,3178,3
"1295","OK",2018,3943079,518000,13.14,54434,2774,3
"1296","OR",1984,2674000,331000,12.38,49397,1720,5
"1297","OR",1985,2687000,317000,11.8,48862,2325,5
"1298","OR",1986,2698000,332000,12.31,54336,2198,3
"1299","OR",1987,2724000,384000,14.1,53091,2315,3
"1300","OR",1988,2741000,285000,10.4,56786,2353,3
"1301","OR",1989,2820000,327000,11.6,55939,2814,3
"1302","OR",1990,2842321,267000,9.39,54715,1805,3
"1303","OR",1991,2922000,401000,13.72,54433,1960,3
"1304","OR",1992,2977000,346000,11.62,56168,3587,3
"1305","OR",1993,3032000,363000,11.97,56865,1991,3
"1306","OR",1994,3086000,373000,12.09,52875,1896,5
"1307","OR",1995,3141000,360000,11.46,59703,1592,2
"1308","OR",1996,3204000,382000,11.92,56744,2037,3
"1309","OR",1997,3243000,382000,11.78,58290,2798,2
"1310","OR",1998,3282000,503000,15.33,60321,2975,2
"1311","OR",1999,3316154,432000,13.03,61410,1893,2
"1312","OR",2000,3421399,371000,10.84,62144,1369,9
"1313","OR",2001,3473441,408000,11.75,58680,1069,2
"1314","OR",2002,3520355,380000,10.79,58510,1197,2
"1315","OR",2003,3564330,446000,12.51,56986,1321,3
"1316","OR",2004,3591363,421000,11.72,54629,1401,3
"1317","OR",2005,3638871,436000,11.98,56919,1793,3
"1318","OR",2006,3700758,439000,11.86,58792,1743,2
"1319","OR",2007,3747455,481000,12.84,60989,1647,2
"1320","OR",2008,3790060,403000,10.63,60476,1606,2
"1321","OR",2009,3825657,510000,13.33,57603,1929,2
"1322","OR",2010,3838332,537000,13.99,58404,1737,2
"1323","OR",2011,3868229,553000,14.3,57653,1798,2
"1324","OR",2012,3899801,523000,13.41,56730,2553,3
"1325","OR",2013,3928068,593000,15.1,52905,3117,5
"1326","OR",2014,3971202,570000,14.35,62509,3183,9
"1327","OR",2015,4024634,478000,11.88,64478,2516,9
"1328","OR",2016,4085989,486000,11.89,61879,2744,9
"1329","OR",2017,4146592,430000,10.37,66185,2926,9
"1330","OR",2018,4190713,404000,9.64,69165,3655,8
"1331","PA",1984,11901000,1825000,15.33,46966,1152,7
"1332","PA",1985,11853000,1217000,10.27,51056,1201,5
"1333","PA",1986,11889000,1190000,10.01,52217,1086,5
"1334","PA",1987,11936000,1249000,10.46,53909,1147,3
"1335","PA",1988,12027000,1246000,10.36,54727,1017,3
"1336","PA",1989,12040000,1261000,10.47,56254,1341,3
"1337","PA",1990,11881643,1328000,11.18,54199,1286,3
"1338","PA",1991,11961000,1340000,11.2,54752,1107,3
"1339","PA",1992,12009000,1425000,11.87,52571,1173,5
"1340","PA",1993,12048000,1598000,13.26,53188,1191,3
"1341","PA",1994,12052000,1496000,12.41,53900,1099,3
"1342","PA",1995,12072000,1464000,12.13,56667,1121,3
"1343","PA",1996,12056000,1374000,11.4,55796,1557,3
"1344","PA",1997,12020000,1337000,11.12,58713,1509,2
"1345","PA",1998,12001000,1338000,11.15,60241,1668,2
"1346","PA",1999,11994016,1117000,9.31,57085,1725,3
"1347","PA",2000,12281054,1033000,8.41,61671,1029,9
"1348","PA",2001,12303104,1158000,9.41,61845,1028,9
"1349","PA",2002,12328827,1152000,9.34,59484,1113,2
"1350","PA",2003,12370761,1279000,10.34,58759,1065,2
"1351","PA",2004,12394471,1383000,11.16,58776,1385,2
"1352","PA",2005,12405348,1372000,11.06,59678,960,2
"1353","PA",2006,12440621,1397000,11.23,60523,1085,2
"1354","PA",2007,12432792,1273000,10.24,58805,1131,2
"1355","PA",2008,12448279,1335000,10.72,60096,689,2
"1356","PA",2009,12604767,1376000,10.92,56517,1099,3
"1357","PA",2010,12717722,1535000,12.07,55763,1741,3
"1358","PA",2011,12743948,1604000,12.59,55845,1895,3
"1359","PA",2012,12764475,1756000,13.76,56871,1539,3
"1360","PA",2013,12781296,1576000,12.33,59552,3170,2
"1361","PA",2014,12793767,1581000,12.36,58579,2406,2
"1362","PA",2015,12791904,1542000,12.05,64006,2360,9
"1363","PA",2016,12787085,1396000,10.92,63809,2130,9
"1364","PA",2017,12790447,1411000,11.03,64713,2820,9
"1365","PA",2018,12807060,1476000,11.52,64524,1635,9
"1366","RI",1984,962000,121000,12.58,49888,1957,5
"1367","RI",1985,968000,84000,8.68,54957,2009,3
"1368","RI",1986,975000,87000,8.92,58212,2325,2
"1369","RI",1987,986000,79000,8.01,59991,3053,2
"1370","RI",1988,995000,99000,9.95,61071,3242,2
"1371","RI",1989,998000,64000,6.41,59066,2655,2
"1372","RI",1990,1003464,71000,7.08,59736,2196,2
"1373","RI",1991,1004000,99000,9.86,55598,1967,3
"1374","RI",1992,1005000,119000,11.84,53538,2521,3
"1375","RI",1993,1000000,108000,10.8,57502,2655,2
"1376","RI",1994,997000,99000,9.93,53668,2220,3
"1377","RI",1995,990000,102000,10.3,58037,2254,2
"1378","RI",1996,990000,104000,10.51,59133,1656,2
"1379","RI",1997,987000,120000,12.16,54456,3498,3
"1380","RI",1998,988000,112000,11.34,62821,4103,9
"1381","RI",1999,990819,103000,10.4,64585,2993,9
"1382","RI",2000,1048319,106000,10.11,61702,1489,9
"1383","RI",2001,1059659,100000,9.44,65007,1631,9
"1384","RI",2002,1068326,116000,10.86,59371,1225,2
"1385","RI",2003,1076084,121000,11.24,61192,1709,2
"1386","RI",2004,1079916,122000,11.3,63879,2628,9
"1387","RI",2005,1073579,127000,11.83,63782,1877,9
"1388","RI",2006,1067610,110000,10.3,67088,2276,8
"1389","RI",2007,1057832,99000,9.36,65814,2245,9
"1390","RI",2008,1050788,132000,12.56,62246,2805,9
"1391","RI",2009,1053209,134000,12.72,60578,1696,2
"1392","RI",2010,1052528,146000,13.87,59582,1997,2
"1393","RI",2011,1050646,139000,13.23,54864,2554,3
"1394","RI",2012,1050304,141000,13.42,61431,2806,2
"1395","RI",2013,1053354,142000,13.48,60812,4159,2
"1396","RI",2014,1054907,119000,11.28,62252,4248,9
"1397","RI",2015,1055607,123000,11.65,59038,3442,2
"1398","RI",2016,1057566,119000,11.25,64383,2959,9
"1399","RI",2017,1056486,127000,12.02,68008,4312,8
"1400","RI",2018,1057315,92000,8.7,62266,3348,9
"1401","SC",1984,3300000,561000,17,46881,2156,7
"1402","SC",1985,3347000,489000,14.61,44715,1924,7
"1403","SC",1986,3378000,569000,16.84,48184,1895,7
"1404","SC",1987,3425000,512000,14.95,53114,2409,3
"1405","SC",1988,3493000,528000,15.12,52253,2353,5
"1406","SC",1989,3512000,585000,16.66,46662,2076,7
"1407","SC",1990,3486703,548000,15.72,53695,2584,3
"1408","SC",1991,3560000,582000,16.35,49516,2050,5
"1409","SC",1992,3603000,697000,19.34,48517,2523,7
"1410","SC",1993,3643000,678000,18.61,44707,1647,7
"1411","SC",1994,3664000,501000,13.67,50168,1915,5
"1412","SC",1995,3673000,744000,20.26,47716,2298,7
"1413","SC",1996,3699000,482000,13.03,55422,2246,3
"1414","SC",1997,3760000,500000,13.3,53619,2518,3
"1415","SC",1998,3836000,527000,13.74,51366,2023,5
"1416","SC",1999,3885736,445000,11.45,55125,2612,3
"1417","SC",2000,4012012,441000,10.99,54936,1370,3
"1418","SC",2001,4062125,603000,14.84,53652,1454,3
"1419","SC",2002,4103770,568000,13.84,52925,1713,5
"1420","SC",2003,4148744,516000,12.44,52663,1534,5
"1421","SC",2004,4197892,615000,14.65,51560,1361,5
"1422","SC",2005,4246933,626000,14.74,51854,1552,5
"1423","SC",2006,4321249,474000,10.97,49461,1682,5
"1424","SC",2007,4407709,617000,14,53677,1885,3
"1425","SC",2008,4479800,624000,13.93,49285,1311,5
"1426","SC",2009,4561242,618000,13.55,48221,1306,7
"1427","SC",2010,4637106,773000,16.67,48127,1685,7
"1428","SC",2011,4673348,874000,18.7,44850,1904,7
"1429","SC",2012,4723417,779000,16.49,48650,2363,7
"1430","SC",2013,4771929,745000,15.61,47035,2578,7
"1431","SC",2014,4829160,788000,16.32,47702,2383,7
"1432","SC",2015,4894834,683000,13.95,49137,2402,5
"1433","SC",2016,4959822,690000,13.91,56858,3299,3
"1434","SC",2017,5021219,773000,15.39,56311,2129,3
"1435","SC",2018,5084127,642000,12.63,57444,2082,2
"1436","SD",1984,706000,100000,14.16,44803,2142,7
"1437","SD",1985,708000,119000,16.81,40488,1567,1
"1438","SD",1986,708000,118000,16.67,43643,1456,1
"1439","SD",1987,709000,109000,15.37,44849,1266,7
"1440","SD",1988,715000,101000,14.13,45624,1439,7
"1441","SD",1989,715000,92000,12.87,47270,1959,7
"1442","SD",1990,696004,93000,13.36,45914,1603,7
"1443","SD",1991,703000,96000,13.66,44425,1406,7
"1444","SD",1992,711000,106000,14.91,46197,1177,7
"1445","SD",1993,715000,102000,14.27,47597,1785,7
"1446","SD",1994,721000,107000,14.84,49978,1992,5
"1447","SD",1995,729000,103000,14.13,48548,2643,7
"1448","SD",1996,732000,82000,11.2,47206,1604,7
"1449","SD",1997,738000,117000,15.85,46470,1792,7
"1450","SD",1998,738000,77000,10.43,50623,1564,5
"1451","SD",1999,733133,55000,7.5,54167,1427,3
"1452","SD",2000,754844,79000,10.47,53335,1005,3
"1453","SD",2001,758324,62000,8.18,56403,1217,3
"1454","SD",2002,760437,85000,11.18,53011,1334,3
"1455","SD",2003,764905,95000,12.42,54090,1374,3
"1456","SD",2004,770621,102000,13.24,54780,1326,3
"1457","SD",2005,774883,90000,11.61,55620,1765,3
"1458","SD",2006,781919,82000,10.49,56715,2049,3
"1459","SD",2007,796214,74000,9.29,56354,1093,3
"1460","SD",2008,804194,104000,12.93,60328,1163,2
"1461","SD",2009,812383,113000,13.91,53764,1512,3
"1462","SD",2010,816598,109000,13.35,52344,2360,5
"1463","SD",2011,823593,117000,14.21,52838,2402,5
"1464","SD",2012,834047,106000,12.71,54144,1868,3
"1465","SD",2013,845510,85000,10.05,57670,3150,2
"1466","SD",2014,853304,109000,12.77,56328,3761,3
"1467","SD",2015,857919,118000,13.75,58364,2760,2
"1468","SD",2016,861542,124000,14.39,60116,3218,2
"1469","SD",2017,873286,91000,10.42,58281,3722,2
"1470","SD",2018,882235,90000,10.2,59463,2642,2
"1471","TN",1984,4717000,800000,16.96,38739,1330,1
"1472","TN",1985,4762000,837000,17.58,39676,1243,1
"1473","TN",1986,4803000,853000,17.76,40042,1939,1
"1474","TN",1987,4855000,792000,16.31,44908,1686,7
"1475","TN",1988,4919000,883000,17.95,42682,2081,1
"1476","TN",1989,4940000,891000,18.04,44335,2559,7
"1477","TN",1990,4877185,833000,17.08,42216,1624,1
"1478","TN",1991,4953000,744000,15.02,44089,1650,7
"1479","TN",1992,5024000,858000,17.08,42782,1606,1
"1480","TN",1993,5099000,998000,19.57,43075,1426,1
"1481","TN",1994,5175000,779000,15.05,48140,1728,7
"1482","TN",1995,5256000,846000,16.1,47624,2081,7
"1483","TN",1996,5320000,878000,16.5,49227,1738,5
"1484","TN",1997,5368000,791000,14.74,47944,2125,7
"1485","TN",1998,5431000,749000,13.79,52638,2018,5
"1486","TN",1999,5483535,662000,12.07,55216,1981,3
"1487","TN",2000,5689283,759000,13.34,49856,1360,5
"1488","TN",2001,5749398,802000,13.95,50875,1125,5
"1489","TN",2002,5789796,839000,14.49,51831,1555,5
"1490","TN",2003,5845208,829000,14.18,51355,1616,5
"1491","TN",2004,5893298,932000,15.81,50735,1409,5
"1492","TN",2005,5955745,872000,14.64,50792,1535,5
"1493","TN",2006,6038803,879000,14.56,50804,943,5
"1494","TN",2007,6156719,906000,14.72,50013,1355,5
"1495","TN",2008,6214888,924000,14.87,46417,1416,7
"1496","TN",2009,6296254,1031000,16.37,47535,1159,7
"1497","TN",2010,6357436,1052000,16.55,44541,1451,7
"1498","TN",2011,6399787,1030000,16.09,47306,2860,7
"1499","TN",2012,6454914,1194000,18.5,47110,2637,7
"1500","TN",2013,6497269,1170000,18.01,46817,3709,7
"1501","TN",2014,6547779,1122000,17.14,46415,2470,7
"1502","TN",2015,6595056,973000,14.75,50165,1810,5
"1503","TN",2016,6649404,988000,14.86,53727,1451,3
"1504","TN",2017,6708794,769000,11.46,56587,2215,3
"1505","TN",2018,6770010,800000,11.82,56060,1442,3
"1506","TX",1984,15989000,2448000,15.31,53148,1230,3
"1507","TX",1985,16370000,2582000,15.77,52988,1219,3
"1508","TX",1986,16682000,2825000,16.93,52996,1127,3
"1509","TX",1987,16789000,2917000,17.37,52419,1351,5
"1510","TX",1988,16780000,3006000,17.91,51086,1191,5
"1511","TX",1989,16991000,2880000,16.95,50756,1096,5
"1512","TX",1990,16986510,2684000,15.8,52747,1338,5
"1513","TX",1991,17349000,2965000,17.09,50003,1129,5
"1514","TX",1992,17656000,3282000,18.59,49177,1115,5
"1515","TX",1993,18031000,3177000,17.62,49296,1052,5
"1516","TX",1994,18378000,3603000,19.6,51696,1101,5
"1517","TX",1995,18724000,3270000,17.46,52588,1041,5
"1518","TX",1996,19128000,3180000,16.62,52875,1220,5
"1519","TX",1997,19439000,3297000,16.96,54891,1377,3
"1520","TX",1998,19760000,2994000,15.15,55251,1022,3
"1521","TX",1999,20044141,3072000,15.33,58491,1542,2
"1522","TX",2000,20851820,3204000,15.37,56456,1148,3
"1523","TX",2001,21370983,3129000,14.64,58093,728,2
"1524","TX",2002,21736925,3362000,15.47,56196,788,3
"1525","TX",2003,22103374,3705000,16.76,53747,1043,3
"1526","TX",2004,22471549,3669000,16.33,55166,732,3
"1527","TX",2005,22928508,3681000,16.05,53391,541,3
"1528","TX",2006,23507783,3816000,16.23,54068,1034,3
"1529","TX",2007,23904380,3903000,16.33,55911,850,3
"1530","TX",2008,24326974,3834000,15.76,54353,788,3
"1531","TX",2009,24782302,4262000,17.2,55699,872,3
"1532","TX",2010,25253466,4633000,18.35,54554,1338,3
"1533","TX",2011,25631778,4458000,17.39,54879,1290,3
"1534","TX",2012,26060796,4444000,17.05,56896,1041,3
"1535","TX",2013,26505637,4425000,16.69,55503,1468,3
"1536","TX",2014,26979078,4364000,16.18,57201,1427,2
"1537","TX",2015,27429639,4036000,14.71,59856,1366,2
"1538","TX",2016,27904862,3812000,13.66,60844,1472,2
"1539","TX",2017,28322717,3768000,13.3,60740,1743,2
"1540","TX",2018,28701845,3894000,13.57,59785,1372,2
"1541","UT",1984,1652000,183000,11.08,53224,1697,3
"1542","UT",1985,1645000,180000,10.94,56325,1567,3
"1543","UT",1986,1665000,209000,12.55,57644,1777,2
"1544","UT",1987,1680000,173000,10.3,56252,2532,3
"1545","UT",1988,1691000,162000,9.58,53849,1860,3
"1546","UT",1989,1707000,138000,8.08,60229,1988,2
"1547","UT",1990,1722850,143000,8.3,56324,1902,3
"1548","UT",1991,1770000,222000,12.54,50513,2450,5
"1549","UT",1992,1813000,172000,9.49,60257,2014,2
"1550","UT",1993,1860000,203000,10.91,61409,2131,2
"1551","UT",1994,1908000,154000,8.07,60035,1750,2
"1552","UT",1995,1951000,168000,8.61,59877,1508,2
"1553","UT",1996,2000000,153000,7.65,59216,2126,2
"1554","UT",1997,2059000,185000,8.98,66941,2793,8
"1555","UT",1998,2100000,190000,9.05,68400,2123,8
"1556","UT",1999,2129836,126000,5.92,69621,2442,8
"1557","UT",2000,2233169,170000,7.61,69529,1522,8
"1558","UT",2001,2278712,238000,10.44,67309,2276,8
"1559","UT",2002,2318789,228000,9.83,66991,1604,8
"1560","UT",2003,2352119,213000,9.06,67439,1234,8
"1561","UT",2004,2420708,241000,9.96,67791,1235,8
"1562","UT",2005,2490334,232000,9.32,70651,1680,8
"1563","UT",2006,2550063,235000,9.22,68202,2086,8
"1564","UT",2007,2645330,255000,9.64,64987,1479,9
"1565","UT",2008,2736424,209000,7.64,73115,1784,6
"1566","UT",2009,2784572,270000,9.7,68623,1863,8
"1567","UT",2010,2775479,278000,10.02,65443,2265,9
"1568","UT",2011,2814347,309000,10.98,62092,1856,9
"1569","UT",2012,2854871,312000,10.93,63924,3226,9
"1570","UT",2013,2902787,239000,8.23,65913,1677,9
"1571","UT",2014,2944498,298000,10.12,67296,3430,8
"1572","UT",2015,2990632,279000,9.33,70227,2609,8
"1573","UT",2016,3044321,264000,8.67,70613,2341,8
"1574","UT",2017,3103118,269000,8.67,73058,2305,6
"1575","UT",2018,3161105,219000,6.93,77067,2327,4
"1576","VA",1984,5636000,554000,9.83,61229,2018,2
"1577","VA",1985,5706000,558000,9.78,63446,2955,9
"1578","VA",1986,5787000,547000,9.45,65176,2356,9
"1579","VA",1987,5904000,583000,9.87,63604,2148,9
"1580","VA",1988,5996000,647000,10.79,66814,2699,8
"1581","VA",1989,6098000,671000,11,66897,2363,8
"1582","VA",1990,6187358,705000,11.39,65538,1958,9
"1583","VA",1991,6286000,608000,9.67,65156,2409,9
"1584","VA",1992,6377000,592000,9.28,67201,2391,8
"1585","VA",1993,6491000,627000,9.66,62519,2380,9
"1586","VA",1994,6552000,710000,10.84,63281,2573,9
"1587","VA",1995,6618000,648000,9.79,59454,2283,2
"1588","VA",1996,6675000,795000,11.91,62690,2333,9
"1589","VA",1997,6734000,858000,12.74,67226,2969,8
"1590","VA",1998,6791000,589000,8.67,66941,3389,8
"1591","VA",1999,6872912,537000,7.81,69081,2676,8
"1592","VA",2000,7078515,577000,8.15,68964,1557,8
"1593","VA",2001,7196750,564000,7.84,71431,1632,6
"1594","VA",2002,7287829,702000,9.63,69468,1806,8
"1595","VA",2003,7365284,740000,10.05,74977,2139,6
"1596","VA",2004,7481332,693000,9.26,68151,1487,8
"1597","VA",2005,7564327,684000,9.04,66915,1527,8
"1598","VA",2006,7642884,651000,8.52,71312,1988,8
"1599","VA",2007,7712091,664000,8.61,71824,1657,6
"1600","VA",2008,7769089,799000,10.28,72469,1692,6
"1601","VA",2009,7882590,831000,10.54,70981,1400,8
"1602","VA",2010,8023953,835000,10.41,69675,2268,8
"1603","VA",2011,8104384,907000,11.19,70062,1984,8
"1604","VA",2012,8186628,850000,10.38,70818,2373,8
"1605","VA",2013,8270345,854000,10.33,71160,2958,8
"1606","VA",2014,8328098,842000,10.11,70239,3128,8
"1607","VA",2015,8367587,894000,10.68,65169,2585,9
"1608","VA",2016,8414380,929000,11.04,69535,2549,8
"1609","VA",2017,8465207,847000,10.01,73031,3356,6
"1610","VA",2018,8517685,821000,9.64,77151,3086,4
"1611","VT",1984,530000,65000,12.26,52118,2269,5
"1612","VT",1985,535000,48000,8.97,58025,2102,2
"1613","VT",1986,541000,58000,10.72,53954,2200,3
"1614","VT",1987,548000,50000,9.12,53890,2913,3
"1615","VT",1988,556000,43000,7.73,59324,2204,2
"1616","VT",1989,567000,44000,7.76,61362,2227,2
"1617","VT",1990,562758,61000,10.84,58110,2487,2
"1618","VT",1991,567000,73000,12.87,52567,2203,5
"1619","VT",1992,570000,61000,10.7,57625,2345,2
"1620","VT",1993,576000,59000,10.24,53308,1641,3
"1621","VT",1994,580000,45000,7.76,60180,3204,2
"1622","VT",1995,585000,61000,10.43,55518,2039,3
"1623","VT",1996,589000,74000,12.56,51734,1998,5
"1624","VT",1997,589000,54000,9.17,54857,2703,3
"1625","VT",1998,591000,58000,9.81,60792,2457,2
"1626","VT",1999,593740,58000,9.77,62869,2127,9
"1627","VT",2000,608827,60000,9.86,57896,1347,2
"1628","VT",2001,612978,59000,9.63,57999,1342,2
"1629","VT",2002,616408,61000,9.9,60186,1162,2
"1630","VT",2003,619343,52000,8.4,59208,1337,2
"1631","VT",2004,621233,48000,7.73,63071,1692,9
"1632","VT",2005,622387,47000,7.55,65355,1687,9
"1633","VT",2006,623908,48000,7.69,64897,1581,9
"1634","VT",2007,621254,61000,9.82,57534,1697,2
"1635","VT",2008,621270,55000,8.85,59283,1148,2
"1636","VT",2009,621760,58000,9.33,61381,1687,2
"1637","VT",2010,625909,67000,10.7,64551,2593,9
"1638","VT",2011,626592,71000,11.33,58029,2246,2
"1639","VT",2012,625953,69000,11.02,60901,3320,2
"1640","VT",2013,626855,54000,8.61,70735,4333,8
"1641","VT",2014,626767,57000,9.09,64455,3289,9
"1642","VT",2015,626088,65000,10.38,63058,2779,9
"1643","VT",2016,623354,60000,9.63,63660,1427,9
"1644","VT",2017,624525,63000,10.09,65360,3209,9
"1645","VT",2018,626299,60000,9.58,70066,2350,8
"1646","WA",1984,4349000,479000,11.01,57748,1900,2
"1647","WA",1985,4409000,526000,11.93,53562,1687,3
"1648","WA",1986,4463000,563000,12.61,58960,2084,2
"1649","WA",1987,4538000,450000,9.92,57928,2349,2
"1650","WA",1988,4619000,402000,8.7,66157,2108,9
"1651","WA",1989,4761000,455000,9.56,62668,2886,9
"1652","WA",1990,4866692,434000,8.92,60005,2315,2
"1653","WA",1991,5018000,474000,9.45,61249,2137,2
"1654","WA",1992,5136000,574000,11.18,59639,2194,2
"1655","WA",1993,5255000,634000,12.06,61184,1906,2
"1656","WA",1994,5343000,614000,11.49,56366,2000,3
"1657","WA",1995,5431000,677000,12.47,58380,2055,2
"1658","WA",1996,5533000,666000,12.04,58637,2571,2
"1659","WA",1997,5610000,529000,9.43,69738,2684,8
"1660","WA",1998,5689000,512000,9,73220,2129,6
"1661","WA",1999,5756361,545000,9.47,68749,3145,8
"1662","WA",2000,5894121,634000,10.76,62182,1771,9
"1663","WA",2001,5993390,634000,10.58,60411,1797,2
"1664","WA",2002,6067060,657000,10.83,63243,1349,9
"1665","WA",2003,6131298,766000,12.49,65020,1909,9
"1666","WA",2004,6207046,700000,11.28,66527,1423,8
"1667","WA",2005,6291899,636000,10.11,65280,1347,9
"1668","WA",2006,6395798,502000,7.85,68321,1553,8
"1669","WA",2007,6468424,661000,10.22,70512,2108,8
"1670","WA",2008,6549224,680000,10.38,66210,2363,9
"1671","WA",2009,6664195,781000,11.72,70853,1407,8
"1672","WA",2010,6742950,779000,11.55,64822,2378,9
"1673","WA",2011,6823267,854000,12.52,63610,2219,9
"1674","WA",2012,6895318,796000,11.54,68139,2464,8
"1675","WA",2013,6973742,819000,11.74,69017,3656,8
"1676","WA",2014,7063166,852000,12.06,62714,2330,9
"1677","WA",2015,7160290,819000,11.44,71271,3448,8
"1678","WA",2016,7280934,800000,10.99,73573,2189,6
"1679","WA",2017,7425432,736000,9.91,77256,3388,4
"1680","WA",2018,7535591,647000,8.59,79726,3025,4
"1681","WI",1984,4766000,730000,15.32,47882,1895,7
"1682","WI",1985,4775000,544000,11.39,51879,2591,5
"1683","WI",1986,4785000,501000,10.47,57970,1761,2
"1684","WI",1987,4807000,428000,8.9,55913,2990,3
"1685","WI",1988,4858000,364000,7.49,60525,2001,2
"1686","WI",1989,4867000,393000,8.07,57103,2431,3
"1687","WI",1990,4891769,448000,9.16,57387,1676,2
"1688","WI",1991,4955000,492000,9.93,56134,1835,3
"1689","WI",1992,5007000,560000,11.18,58598,1930,2
"1690","WI",1993,5038000,636000,12.62,54511,2299,3
"1691","WI",1994,5082000,453000,8.91,59484,2138,2
"1692","WI",1995,5123000,449000,8.76,67222,2163,8
"1693","WI",1996,5160000,460000,8.91,63953,2846,9
"1694","WI",1997,5170000,422000,8.16,61965,1800,9
"1695","WI",1998,5224000,449000,8.59,63811,1962,9
"1696","WI",1999,5250446,466000,8.88,69042,2839,8
"1697","WI",2000,5363675,493000,9.19,65929,1392,9
"1698","WI",2001,5405947,423000,7.82,64471,1597,9
"1699","WI",2002,5439692,467000,8.59,64250,1324,9
"1700","WI",2003,5474290,528000,9.65,63324,1339,9
"1701","WI",2004,5503533,676000,12.28,60943,1782,2
"1702","WI",2005,5527644,553000,10,57552,1518,2
"1703","WI",2006,5556506,555000,9.99,64536,1431,9
"1704","WI",2007,5601640,601000,10.73,62253,1263,9
"1705","WI",2008,5627967,544000,9.67,59860,996,2
"1706","WI",2009,5654774,599000,10.59,60112,946,2
"1707","WI",2010,5691659,567000,9.96,58114,1656,2
"1708","WI",2011,5709843,743000,13.01,58248,2313,2
"1709","WI",2012,5724554,640000,11.18,58159,1873,2
"1710","WI",2013,5742953,618000,10.76,55849,2839,3
"1711","WI",2014,5759432,628000,10.9,61665,2287,9
"1712","WI",2015,5767891,654000,11.34,58745,1576,2
"1713","WI",2016,5772917,620000,10.74,62593,1931,9
"1714","WI",2017,5792051,551000,9.51,64998,3763,9
"1715","WI",2018,5813568,499000,8.58,62629,2039,9
"1716","WV",1984,1952000,392000,20.08,38880,1403,1
"1717","WV",1985,1936000,423000,21.85,35670,1848,1
"1718","WV",1986,1919000,432000,22.51,36111,1985,1
"1719","WV",1987,1897000,408000,21.51,36486,1650,1
"1720","WV",1988,1884000,337000,17.89,39606,1903,1
"1721","WV",1989,1857000,283000,15.24,42503,1653,1
"1722","WV",1990,1793477,328000,18.29,41366,2134,1
"1723","WV",1991,1801000,327000,18.16,41735,1655,1
"1724","WV",1992,1812000,401000,22.13,35662,1569,1
"1725","WV",1993,1820000,400000,21.98,38475,1683,1
"1726","WV",1994,1822000,336000,18.44,39609,2046,1
"1727","WV",1995,1828000,300000,16.41,40837,1428,1
"1728","WV",1996,1826000,323000,17.69,40365,2080,1
"1729","WV",1997,1816000,286000,15.75,43018,2058,1
"1730","WV",1998,1811000,312000,17.23,41232,1204,1
"1731","WV",1999,1806928,272000,15.05,44293,1737,7
"1732","WV",2000,1808344,261000,14.43,43006,943,1
"1733","WV",2001,1800975,291000,16.16,42188,958,1
"1734","WV",2002,1804884,293000,16.23,41094,978,1
"1735","WV",2003,1811440,310000,17.11,44840,1359,7
"1736","WV",2004,1812548,254000,14.01,44473,1563,7
"1737","WV",2005,1814083,276000,15.21,46976,1387,7
"1738","WV",2006,1818470,277000,15.23,47965,1516,7
"1739","WV",2007,1812035,265000,14.62,51101,1201,5
"1740","WV",2008,1814468,260000,14.33,44420,1641,7
"1741","WV",2009,1819777,285000,15.66,47504,1071,7
"1742","WV",2010,1854368,306000,16.5,49372,2906,5
"1743","WV",2011,1854908,318000,17.14,46794,1976,7
"1744","WV",2012,1856680,301000,16.21,47721,3039,7
"1745","WV",2013,1853595,315000,16.99,46502,3729,7
"1746","WV",2014,1848751,376000,20.34,41993,2330,1
"1747","WV",2015,1841053,261000,14.18,45389,3320,7
"1748","WV",2016,1828637,326000,17.83,46412,2087,7
"1749","WV",2017,1817048,311000,17.12,46499,1521,7
"1750","WV",2018,1805832,279000,15.45,50573,1337,5
"1751","WY",1984,511000,53000,10.37,54976,1687,3
"1752","WY",1985,509000,61000,11.98,49279,2341,5
"1753","WY",1986,507000,73000,14.4,51673,1893,5
"1754","WY",1987,490000,49000,10,58502,3092,2
"1755","WY",1988,471000,43000,9.13,54066,2241,3
"1756","WY",1989,475000,50000,10.53,57884,2527,2
"1757","WY",1990,453588,51000,11.24,55050,1852,3
"1758","WY",1991,460000,47000,10.22,52378,2492,5
"1759","WY",1992,466000,49000,10.52,53146,2498,3
"1760","WY",1993,470000,64000,13.62,50523,2003,5
"1761","WY",1994,476000,45000,9.45,55705,3106,3
"1762","WY",1995,480000,59000,12.29,51751,1865,5
"1763","WY",1996,481000,58000,12.06,49487,1372,5
"1764","WY",1997,480000,66000,13.75,52306,2255,5
"1765","WY",1998,481000,51000,10.6,54428,2032,3
"1766","WY",1999,479602,56000,11.68,56314,1943,3
"1767","WY",2000,493782,52000,10.53,57947,1544,2
"1768","WY",2001,493754,42000,8.51,56471,1658,3
"1769","WY",2002,498830,44000,8.82,55656,1366,3
"1770","WY",2003,502111,48000,9.56,58241,1369,2
"1771","WY",2004,505887,50000,9.88,60497,1527,2
"1772","WY",2005,508798,54000,10.61,57639,1944,2
"1773","WY",2006,515004,51000,9.9,58730,1876,2
"1774","WY",2007,522830,56000,10.71,59178,1655,2
"1775","WY",2008,532668,54000,10.14,62359,1844,9
"1776","WY",2009,544270,50000,9.19,61559,2500,9
"1777","WY",2010,564554,53000,9.39,60249,2517,2
"1778","WY",2011,567356,60000,10.58,60991,2548,2
"1779","WY",2012,576626,56000,9.71,63016,3090,9
"1780","WY",2013,583223,68000,11.66,72817,4306,6
"1781","WY",2014,584304,55000,9.41,59128,2144,2
"1782","WY",2015,586555,56000,9.55,64575,2145,9
"1783","WY",2016,584910,62000,10.6,60513,3267,2
"1784","WY",2017,578934,70000,12.09,59247,3210,2
"1785","WY",2018,577737,53000,9.17,62539,3892,9
