state,year,median income,margin of error
AK,1984,74689.00,3400.00
AK,1985,77625.00,2430.00
AK,1986,68775.00,2231.00
AK,1987,70468.00,3174.00
AK,1988,67745.00,2421.00
AK,1989,70599.00,2702.00
AK,1990,73433.00,3040.00
AK,1991,73224.00,3285.00
AK,1992,73541.00,2034.00
AK,1993,73670.00,2819.00
AK,1994,76258.00,2511.00
AK,1995,78710.00,3296.00
AK,1996,84383.00,3049.00
AK,1997,75109.00,1969.00
AK,1998,78271.00,3280.00
AK,1999,77703.00,3365.00
AK,2000,77275.00,1695.00
AK,2001,81556.00,2861.00
AK,2002,73868.00,1502.00
AK,2003,70945.00,1343.00
AK,2004,73378.00,2760.00
AK,2005,72041.00,1716.00
AK,2006,70437.00,1866.00
AK,2007,76477.00,1922.00
AK,2008,74812.00,2691.00
AK,2009,72275.00,2054.00
AK,2010,66767.00,2758.00
AK,2011,64260.00,4151.00
AK,2012,69739.00,3111.00
AK,2013,78249.00,5880.00
AK,2014,71804.00,3348.00
AK,2015,79611.00,3694.00
AK,2016,79237.00,4276.00
AK,2017,73992.00,2785.00
AK,2018,68734.00,3390.00
AL,1984,39958.00,1397.00
AL,1985,40915.00,1696.00
AL,1986,41963.00,1941.00
AL,1987,41844.00,2432.00
AL,1988,40823.00,1866.00
AL,1989,41733.00,2098.00
AL,1990,43645.00,1938.00
AL,1991,43896.00,1926.00
AL,1992,45403.00,1861.00
AL,1993,43041.00,1867.00
AL,1994,45714.00,2621.00
AL,1995,42661.00,2078.00
AL,1996,48447.00,2011.00
AL,1997,49983.00,2515.00
AL,1998,55997.00,2018.00
AL,1999,54806.00,1798.00
AL,2000,51798.00,1568.00
AL,2001,49989.00,1430.00
AL,2002,52633.00,1486.00
AL,2003,50988.00,2162.00
AL,2004,48812.00,1736.00
AL,2005,47885.00,1566.00
AL,2006,47382.00,1266.00
AL,2007,51248.00,1724.00
AL,2008,51999.00,1940.00
AL,2009,46905.00,1061.00
AL,2010,47244.00,2765.00
AL,2011,47654.00,2261.00
AL,2012,47624.00,2771.00
AL,2013,51092.00,5950.00
AL,2014,44888.00,1623.00
AL,2015,49412.00,2408.00
AL,2016,49412.00,2408.00
AL,2017,52359.00,866.00
AL,2018,49936.00,2423.00
AR,1984,36181.00,1727.00
AR,1985,38946.00,1705.00
AR,1986,41082.00,1678.00
AR,1987,39921.00,2137.00
AR,1988,41282.00,1445.00
AR,1989,42025.00,1794.00
AR,1990,42578.00,1833.00
AR,1991,42254.00,1412.00
AR,1992,42015.00,2459.00
AR,1993,39535.00,1453.00
AR,1994,42972.00,1587.00
AR,1995,42370.00,1640.00
AR,1996,43364.00,1564.00
AR,1997,40942.00,1806.00
AR,1998,42716.00,1791.00
AR,1999,44875.00,1551.00
AR,2000,43424.00,1129.00
AR,2001,47400.00,1626.00
AR,2002,45332.00,1089.00
AR,2003,43798.00,1062.00
AR,2004,46620.00,1325.00
AR,2005,47250.00,1687.00
AR,2006,46265.00,958.00
AR,2007,49527.00,1637.00
AR,2008,46282.00,1396.00
AR,2009,42867.00,1066.00
AR,2010,44536.00,2844.00
AR,2011,46213.00,2069.00
AR,2012,42752.00,3081.00
AR,2013,42515.00,2593.00
AR,2014,47695.00,2703.00
AR,2015,45362.00,1666.00
AR,2016,48037.00,2265.00
AR,2017,50019.00,2706.00
AR,2018,49781.00,2108.00
AZ,1984,49457.00,1406.00
AZ,1985,53287.00,1660.00
AZ,1986,55931.00,1575.00
AZ,1987,56719.00,1891.00
AZ,1988,54099.00,1725.00
AZ,1989,55984.00,2373.00
AZ,1990,54609.00,2132.00
AZ,1991,55420.00,1617.00
AZ,1992,51649.00,1914.00
AZ,1993,52355.00,1922.00
AZ,1994,52601.00,1299.00
AZ,1995,50658.00,2232.00
AZ,1996,50581.00,2037.00
AZ,1997,51237.00,2030.00
AZ,1998,57269.00,1938.00
AZ,1999,55931.00,1713.00
AZ,2000,58172.00,1769.00
AZ,2001,60715.00,2049.00
AZ,2002,55616.00,1404.00
AZ,2003,56340.00,1946.00
AZ,2004,58430.00,1523.00
AZ,2005,58319.00,1638.00
AZ,2006,58250.00,1556.00
AZ,2007,57321.00,1888.00
AZ,2008,54849.00,1315.00
AZ,2009,53662.00,1456.00
AZ,2010,54127.00,2570.00
AZ,2011,54403.00,2712.00
AZ,2012,51546.00,3202.00
AZ,2013,56805.00,4713.00
AZ,2014,52294.00,2446.00
AZ,2015,55378.00,2128.00
AZ,2016,59750.00,2062.00
AZ,2017,62615.00,2706.00
AZ,2018,62283.00,2291.00
CA,1984,58372.00,840.00
CA,1985,60215.00,781.00
CA,1986,63629.00,1250.00
CA,1987,63922.00,1141.00
CA,1988,61982.00,1297.00
CA,1989,64723.00,1212.00
CA,1990,62206.00,1056.00
CA,1991,60697.00,1235.00
CA,1992,61404.00,1107.00
CA,1993,58470.00,1117.00
CA,1994,59388.00,1040.00
CA,1995,60745.00,1187.00
CA,1996,62052.00,1308.00
CA,1997,62120.00,1352.00
CA,1998,63204.00,891.00
CA,1999,65961.00,1063.00
CA,2000,68456.00,1003.00
CA,2001,67195.00,1034.00
CA,2002,66397.00,1072.00
CA,2003,67473.00,1121.00
CA,2004,65594.00,880.00
CA,2005,66710.00,593.00
CA,2006,69065.00,868.00
CA,2007,67664.00,750.00
CA,2008,66658.00,969.00
CA,2009,65858.00,726.00
CA,2010,62652.00,1364.00
CA,2011,59713.00,1542.00
CA,2012,62477.00,1356.00
CA,2013,65640.00,1955.00
CA,2014,64221.00,949.00
CA,2015,67448.00,1813.00
CA,2016,69729.00,1125.00
CA,2017,71459.00,1487.00
CA,2018,70489.00,1233.00
CO,1984,59558.00,1858.00
CO,1985,62895.00,1897.00
CO,1986,59642.00,2031.00
CO,1987,56140.00,2279.00
CO,1988,53647.00,2630.00
CO,1989,52560.00,2741.00
CO,1990,57428.00,1693.00
CO,1991,56793.00,2245.00
CO,1992,57148.00,2588.00
CO,1993,59182.00,2692.00
CO,1994,63594.00,2431.00
CO,1995,66813.00,2547.00
CO,1996,65470.00,2125.00
CO,1997,67658.00,3042.00
CO,1998,71951.00,1677.00
CO,1999,72837.00,2242.00
CO,2000,70538.00,1809.00
CO,2001,70231.00,1692.00
CO,2002,67597.00,2049.00
CO,2003,68349.00,1585.00
CO,2004,67811.00,2119.00
CO,2005,65026.00,1659.00
CO,2006,69537.00,1903.00
CO,2007,74228.00,1231.00
CO,2008,71251.00,2219.00
CO,2009,65618.00,1871.00
CO,2010,69520.00,2864.00
CO,2011,65601.00,2857.00
CO,2012,62735.00,2967.00
CO,2013,73325.00,4458.00
CO,2014,64702.00,2563.00
CO,2015,70585.00,3903.00
CO,2016,73841.00,4316.00
CO,2017,75980.00,3055.00
CO,2018,73034.00,3562.00
CT,1984,69138.00,2858.00
CT,1985,69385.00,2520.00
CT,1986,71769.00,3520.00
CT,1987,69681.00,2888.00
CT,1988,74109.00,2646.00
CT,1989,82981.00,3122.00
CT,1990,72633.00,3918.00
CT,1991,76005.00,3505.00
CT,1992,71851.00,3469.00
CT,1993,67810.00,2849.00
CT,1994,69080.00,2681.00
CT,1995,66054.00,3724.00
CT,1996,67339.00,4935.00
CT,1997,68835.00,3113.00
CT,1998,71811.00,4212.00
CT,1999,76489.00,3471.00
CT,2000,73363.00,1984.00
CT,2001,75847.00,1763.00
CT,2002,74726.00,1918.00
CT,2003,75226.00,2136.00
CT,2004,73427.00,2196.00
CT,2005,73258.00,2105.00
CT,2006,77910.00,2699.00
CT,2007,77870.00,2488.00
CT,2008,75623.00,3158.00
CT,2009,76085.00,2708.00
CT,2010,76174.00,2418.00
CT,2011,73194.00,3372.00
CT,2012,70396.00,3126.00
CT,2013,74814.00,3496.00
CT,2014,74492.00,2830.00
CT,2015,77255.00,4716.00
CT,2016,79446.00,3562.00
CT,2017,74554.00,3595.00
CT,2018,72812.00,5119.00
DC,1984,47109.00,1985.00
DC,1985,47036.00,1687.00
DC,1986,53347.00,2746.00
DC,1987,58216.00,2725.00
DC,1988,54725.00,1531.00
DC,1989,52454.00,1990.00
DC,1990,51185.00,2919.00
DC,1991,53883.00,3431.00
DC,1992,53213.00,1977.00
DC,1993,46854.00,2962.00
DC,1994,50622.00,1861.00
DC,1995,50469.00,1940.00
DC,1996,51107.00,2523.00
DC,1997,49860.00,1540.00
DC,1998,51622.00,2024.00
DC,1999,58463.00,2417.00
DC,2000,60276.00,1568.00
DC,2001,58532.00,1454.00
DC,2002,54686.00,1393.00
DC,2003,61648.00,1941.00
DC,2004,57903.00,2484.00
DC,2005,57994.00,2793.00
DC,2006,60523.00,2096.00
DC,2007,61653.00,1332.00
DC,2008,64993.00,2061.00
DC,2009,62346.00,2450.00
DC,2010,65705.00,3847.00
DC,2011,61821.00,2360.00
DC,2012,71490.00,4022.00
DC,2013,64844.00,5970.00
DC,2014,72492.00,4674.00
DC,2015,74268.00,3032.00
DC,2016,74276.00,2861.00
DC,2017,85415.00,3400.00
DC,2018,85750.00,2659.00
DE,1984,59600.00,2371.00
DE,1985,51285.00,3049.00
DE,1986,56207.00,2658.00
DE,1987,62009.00,1855.00
DE,1988,62428.00,2388.00
DE,1989,62878.00,2222.00
DE,1990,57561.00,2080.00
DE,1991,58752.00,2003.00
DE,1992,62767.00,2451.00
DE,1993,61886.00,1457.00
DE,1994,60299.00,2002.00
DE,1995,57330.00,3033.00
DE,1996,62847.00,2242.00
DE,1997,67345.00,3227.00
DE,1998,64013.00,2707.00
DE,1999,70495.00,3449.00
DE,2000,73646.00,2205.00
DE,2001,70522.00,2087.00
DE,2002,69495.00,2358.00
DE,2003,67088.00,1886.00
DE,2004,64031.00,1894.00
DE,2005,66039.00,1387.00
DE,2006,65468.00,2160.00
DE,2007,66274.00,2621.00
DE,2008,59278.00,1623.00
DE,2009,61141.00,2090.00
DE,2010,63727.00,2603.00
DE,2011,61160.00,1952.00
DE,2012,53659.00,2165.00
DE,2013,58402.00,4697.00
DE,2014,61073.00,3153.00
DE,2015,61216.00,3595.00
DE,2016,60740.00,3131.00
DE,2017,63837.00,3380.00
DE,2018,65012.00,3599.00
FL,1984,45671.00,1080.00
FL,1985,47632.00,975.00
FL,1986,50116.00,1184.00
FL,1987,51927.00,1009.00
FL,1988,51993.00,972.00
FL,1989,51147.00,931.00
FL,1990,49864.00,848.00
FL,1991,49136.00,856.00
FL,1992,48114.00,925.00
FL,1993,48992.00,1213.00
FL,1994,49241.00,1062.00
FL,1995,48822.00,1005.00
FL,1996,48989.00,820.00
FL,1997,50791.00,912.00
FL,1998,53901.00,1184.00
FL,1999,54171.00,948.00
FL,2000,56817.00,1086.00
FL,2001,51782.00,593.00
FL,2002,53222.00,1159.00
FL,2003,53338.00,1039.00
FL,2004,54017.00,842.00
FL,2005,55412.00,1044.00
FL,2006,57026.00,785.00
FL,2007,55596.00,692.00
FL,2008,52444.00,1003.00
FL,2009,53535.00,828.00
FL,2010,50860.00,1782.00
FL,2011,50468.00,1273.00
FL,2012,50480.00,1216.00
FL,2013,52400.00,3039.00
FL,2014,48988.00,1009.00
FL,2015,51750.00,1479.00
FL,2016,53551.00,874.00
FL,2017,54990.00,1860.00
FL,2018,54644.00,1887.00
GA,1984,46130.00,1881.00
GA,1985,46976.00,1759.00
GA,1986,53452.00,2439.00
GA,1987,56645.00,2926.00
GA,1988,54367.00,1834.00
GA,1989,54003.00,2002.00
GA,1990,51501.00,2216.00
GA,1991,49064.00,1962.00
GA,1992,50662.00,2160.00
GA,1993,54334.00,2152.00
GA,1994,52893.00,2081.00
GA,1995,55969.00,1472.00
GA,1996,51954.00,2664.00
GA,1997,57376.00,1434.00
GA,1998,59701.00,1820.00
GA,1999,59605.00,2049.00
GA,2000,61269.00,1215.00
GA,2001,60533.00,1526.00
GA,2002,60102.00,1549.00
GA,2003,58081.00,1340.00
GA,2004,54616.00,824.00
GA,2005,59196.00,1080.00
GA,2006,61605.00,1511.00
GA,2007,59053.00,1309.00
GA,2008,54046.00,1361.00
GA,2009,50848.00,1474.00
GA,2010,50919.00,2103.00
GA,2011,51440.00,2778.00
GA,2012,52726.00,1648.00
GA,2013,50738.00,4574.00
GA,2014,52614.00,2133.00
GA,2015,53809.00,1485.00
GA,2016,56011.00,1757.00
GA,2017,58406.00,2493.00
GA,2018,55821.00,2032.00
HI,1984,66659.00,2807.00
HI,1985,64634.00,3227.00
HI,1986,63614.00,2645.00
HI,1987,74261.00,2277.00
HI,1988,67583.00,3033.00
HI,1989,68695.00,2604.00
HI,1990,72729.00,2642.00
HI,1991,67155.00,2939.00
HI,1992,74088.00,2525.00
HI,1993,73208.00,3018.00
HI,1994,71027.00,4073.00
HI,1995,70334.00,2121.00
HI,1996,66785.00,3027.00
HI,1997,64060.00,2189.00
HI,1998,63039.00,3658.00
HI,1999,67284.00,2770.00
HI,2000,75373.00,1744.00
HI,2001,67447.00,1786.00
HI,2002,66210.00,1919.00
HI,2003,70941.00,1823.00
HI,2004,74949.00,2252.00
HI,2005,76803.00,1562.00
HI,2006,75496.00,1961.00
HI,2007,77726.00,2580.00
HI,2008,71927.00,1732.00
HI,2009,65289.00,2373.00
HI,2010,68719.00,3152.00
HI,2011,66068.00,2832.00
HI,2012,61648.00,2471.00
HI,2013,69355.00,4230.00
HI,2014,75619.00,2841.00
HI,2015,68379.00,3010.00
HI,2016,75480.00,2626.00
HI,2017,75369.00,2281.00
HI,2018,80108.00,3482.00
IA,1984,45851.00,1720.00
IA,1985,46704.00,1348.00
IA,1986,49261.00,1645.00
IA,1987,47052.00,1934.00
IA,1988,49740.00,2206.00
IA,1989,51499.00,1553.00
IA,1990,50991.00,1842.00
IA,1991,51482.00,1825.00
IA,1992,50567.00,1710.00
IA,1993,49186.00,2128.00
IA,1994,55603.00,2152.00
IA,1995,58300.00,1546.00
IA,1996,53094.00,2441.00
IA,1997,52869.00,2006.00
IA,1998,57159.00,1856.00
IA,1999,62134.00,1708.00
IA,2000,59939.00,1186.00
IA,2001,58258.00,1611.00
IA,2002,57456.00,1612.00
IA,2003,56639.00,1210.00
IA,2004,57823.00,2027.00
IA,2005,59936.00,1726.00
IA,2006,60084.00,1861.00
IA,2007,59377.00,1762.00
IA,2008,58623.00,1512.00
IA,2009,59507.00,1801.00
IA,2010,56573.00,1549.00
IA,2011,56191.00,2209.00
IA,2012,58557.00,2343.00
IA,2013,64951.00,6623.00
IA,2014,61379.00,3636.00
IA,2015,64500.00,3471.00
IA,2016,61836.00,2599.00
IA,2017,65028.00,5646.00
IA,2018,68718.00,2910.00
ID,1984,48688.00,2223.00
ID,1985,46333.00,1335.00
ID,1986,45510.00,1491.00
ID,1987,44009.00,1768.00
ID,1988,47990.00,2055.00
ID,1989,48341.00,1869.00
ID,1990,47285.00,1822.00
ID,1991,47088.00,1855.00
ID,1992,48739.00,1538.00
ID,1993,53213.00,2270.00
ID,1994,53009.00,2148.00
ID,1995,53633.00,1832.00
ID,1996,55492.00,2144.00
ID,1997,52276.00,2095.00
ID,1998,56636.00,1683.00
ID,1999,54124.00,2136.00
ID,2000,54996.00,1743.00
ID,2001,54370.00,1373.00
ID,2002,52790.00,1569.00
ID,2003,57991.00,1344.00
ID,2004,59112.00,1848.00
ID,2005,56941.00,1616.00
ID,2006,57696.00,1638.00
ID,2007,59712.00,1567.00
ID,2008,55441.00,1965.00
ID,2009,54881.00,1483.00
ID,2010,54304.00,2157.00
ID,2011,53102.00,3903.00
ID,2012,52508.00,3477.00
ID,2013,52330.00,5921.00
ID,2014,56737.00,2731.00
ID,2015,54716.00,1335.00
ID,2016,59189.00,1320.00
ID,2017,61676.00,2459.00
ID,2018,58728.00,2405.00
IL,1984,54828.00,1309.00
IL,1985,55503.00,1167.00
IL,1986,58148.00,1391.00
IL,1987,57429.00,1137.00
IL,1988,60420.00,1543.00
IL,1989,61372.00,1222.00
IL,1990,60809.00,1353.00
IL,1991,57488.00,1287.00
IL,1992,55507.00,1323.00
IL,1993,56383.00,1390.00
IL,1994,58968.00,1343.00
IL,1995,62488.00,1436.00
IL,1996,63239.00,1770.00
IL,1997,64606.00,1224.00
IL,1998,66669.00,1905.00
IL,1999,70044.00,1554.00
IL,2000,67357.00,1413.00
IL,2001,65644.00,1250.00
IL,2002,59781.00,1198.00
IL,2003,61797.00,1467.00
IL,2004,61403.00,1097.00
IL,2005,62383.00,1271.00
IL,2006,60765.00,1457.00
IL,2007,63745.00,1153.00
IL,2008,62262.00,1549.00
IL,2009,62028.00,1104.00
IL,2010,58549.00,1701.00
IL,2011,56658.00,1537.00
IL,2012,56690.00,1455.00
IL,2013,58236.00,3549.00
IL,2014,58306.00,1725.00
IL,2015,64032.00,2119.00
IL,2016,64235.00,1843.00
IL,2017,66184.00,2048.00
IL,2018,70145.00,2253.00
IN,1984,52561.00,1639.00
IN,1985,50605.00,1397.00
IN,1986,49851.00,1555.00
IN,1987,47750.00,2002.00
IN,1988,53808.00,1905.00
IN,1989,50780.00,2004.00
IN,1990,50318.00,2054.00
IN,1991,48842.00,1662.00
IN,1992,50192.00,2313.00
IN,1993,50579.00,2335.00
IN,1994,46827.00,1735.00
IN,1995,54797.00,2370.00
IN,1996,56193.00,2075.00
IN,1997,60860.00,1851.00
IN,1998,61347.00,2453.00
IN,1999,61741.00,2599.00
IN,2000,59754.00,993.00
IN,2001,57409.00,1348.00
IN,2002,57453.00,1047.00
IN,2003,58064.00,1313.00
IN,2004,56408.00,1534.00
IN,2005,54699.00,1418.00
IN,2006,56690.00,1543.00
IN,2007,57610.00,1524.00
IN,2008,54389.00,1385.00
IN,2009,51980.00,1273.00
IN,2010,53253.00,2970.00
IN,2011,49730.00,2584.00
IN,2012,50575.00,1958.00
IN,2013,53397.00,4867.00
IN,2014,51027.00,2063.00
IN,2015,55097.00,1783.00
IN,2016,58697.00,3011.00
IN,2017,60308.00,2075.00
IN,2018,59892.00,1997.00
KS,1984,56853.00,2105.00
KS,1985,50857.00,2305.00
KS,1986,52478.00,1715.00
KS,1987,54247.00,1908.00
KS,1988,52320.00,2360.00
KS,1989,52670.00,1780.00
KS,1990,55904.00,2203.00
KS,1991,52820.00,1684.00
KS,1992,53387.00,2000.00
KS,1993,51086.00,1963.00
KS,1994,47607.00,1788.00
KS,1995,49801.00,1512.00
KS,1996,52097.00,2334.00
KS,1997,57076.00,2526.00
KS,1998,56684.00,2497.00
KS,1999,56465.00,3142.00
KS,2000,60038.00,1708.00
KS,2001,58882.00,1585.00
KS,2002,59654.00,1465.00
KS,2003,60537.00,1815.00
KS,2004,54725.00,2331.00
KS,2005,54171.00,1270.00
KS,2006,56871.00,1563.00
KS,2007,58878.00,2191.00
KS,2008,55975.00,1648.00
KS,2009,52463.00,2098.00
KS,2010,53155.00,2096.00
KS,2011,51634.00,2182.00
KS,2012,54788.00,1985.00
KS,2013,51632.00,4854.00
KS,2014,56743.00,3040.00
KS,2015,58152.00,3954.00
KS,2016,59446.00,3420.00
KS,2017,59283.00,2969.00
KS,2018,63938.00,2027.00
KY,1984,40812.00,2491.00
KY,1985,38745.00,1669.00
KY,1986,43591.00,2207.00
KY,1987,43835.00,1991.00
KY,1988,40739.00,1639.00
KY,1989,45652.00,2365.00
KY,1990,46304.00,2267.00
KY,1991,42847.00,1886.00
KY,1992,41317.00,2215.00
KY,1993,41829.00,1872.00
KY,1994,44704.00,1728.00
KY,1995,48929.00,1886.00
KY,1996,51822.00,2301.00
KY,1997,52351.00,2596.00
KY,1998,55975.00,2333.00
KY,1999,51007.00,2244.00
KY,2000,53028.00,1240.00
KY,2001,54648.00,1435.00
KY,2002,51456.00,1223.00
KY,2003,50551.00,1173.00
KY,2004,47454.00,1623.00
KY,2005,47303.00,1157.00
KY,2006,49296.00,1312.00
KY,2007,47897.00,1470.00
KY,2008,48108.00,949.00
KY,2009,50054.00,1540.00
KY,2010,47442.00,3258.00
KY,2011,44595.00,2067.00
KY,2012,45018.00,2082.00
KY,2013,48456.00,4237.00
KY,2014,45427.00,1678.00
KY,2015,44926.00,2405.00
KY,2016,47474.00,2098.00
KY,2017,52600.00,1397.00
KY,2018,54555.00,3668.00
LA,1984,43741.00,2031.00
LA,1985,47266.00,1625.00
LA,1986,45819.00,2097.00
LA,1987,45269.00,1819.00
LA,1988,41947.00,3017.00
LA,1989,44825.00,3641.00
LA,1990,41866.00,2952.00
LA,1991,45615.00,2084.00
LA,1992,44754.00,2009.00
LA,1993,45152.00,1997.00
LA,1994,43159.00,2523.00
LA,1995,45875.00,1789.00
LA,1996,48383.00,2062.00
LA,1997,52051.00,2427.00
LA,1998,49000.00,2563.00
LA,1999,49368.00,1881.00
LA,2000,44917.00,1211.00
LA,2001,47376.00,1699.00
LA,2002,47601.00,1761.00
LA,2003,45858.00,1510.00
LA,2004,48546.00,1656.00
LA,2005,47995.00,1672.00
LA,2006,45555.00,1779.00
LA,2007,50156.00,1138.00
LA,2008,46255.00,1737.00
LA,2009,53303.00,2127.00
LA,2010,45359.00,3749.00
LA,2011,45493.00,2158.00
LA,2012,42826.00,1765.00
LA,2013,50125.00,2746.00
LA,2014,45024.00,1977.00
LA,2015,48673.00,2268.00
LA,2016,44154.00,1253.00
LA,2017,44973.00,1488.00
LA,2018,49973.00,1754.00
MA,1984,62231.00,1600.00
MA,1985,62951.00,1808.00
MA,1986,66544.00,1612.00
MA,1987,68364.00,1518.00
MA,1988,67970.00,1717.00
MA,1989,70756.00,1380.00
MA,1990,67732.00,1547.00
MA,1991,64393.00,1424.00
MA,1992,63966.00,1298.00
MA,1993,63602.00,1628.00
MA,1994,68077.00,1782.00
MA,1995,63314.00,2421.00
MA,1996,63143.00,3089.00
MA,1997,65764.00,2164.00
MA,1998,65383.00,3028.00
MA,1999,66529.00,3058.00
MA,2000,68364.00,1984.00
MA,2001,74291.00,2158.00
MA,2002,69782.00,1614.00
MA,2003,69738.00,1304.00
MA,2004,69321.00,2221.00
MA,2005,72203.00,2261.00
MA,2006,69078.00,2596.00
MA,2007,70977.00,2709.00
MA,2008,70523.00,1957.00
MA,2009,69658.00,2052.00
MA,2010,70329.00,2531.00
MA,2011,70842.00,3610.00
MA,2012,69748.00,4134.00
MA,2013,67513.00,5726.00
MA,2014,67049.00,2826.00
MA,2015,71926.00,2957.00
MA,2016,75620.00,3046.00
MA,2017,75012.00,3409.00
MA,2018,86345.00,2785.00
MD,1984,68577.00,2657.00
MD,1985,67256.00,2156.00
MD,1986,67125.00,2272.00
MD,1987,74151.00,2943.00
MD,1988,74803.00,2448.00
MD,1989,70619.00,2327.00
MD,1990,72609.00,2982.00
MD,1991,66625.00,2555.00
MD,1992,65450.00,2861.00
MD,1993,68536.00,2200.00
MD,1994,65888.00,2353.00
MD,1995,67363.00,2671.00
MD,1996,70336.00,4101.00
MD,1997,73060.00,2310.00
MD,1998,77227.00,3337.00
MD,1999,78926.00,3352.00
MD,2000,79743.00,2047.00
MD,2001,76107.00,2349.00
MD,2002,78953.00,2144.00
MD,2003,71598.00,1674.00
MD,2004,76096.00,2255.00
MD,2005,77997.00,1904.00
MD,2006,79488.00,1999.00
MD,2007,79678.00,2017.00
MD,2008,74487.00,2068.00
MD,2009,75305.00,1964.00
MD,2010,74100.00,2651.00
MD,2011,77066.00,2378.00
MD,2012,78711.00,2028.00
MD,2013,74881.00,3207.00
MD,2014,80867.00,4536.00
MD,2015,78002.00,2853.00
MD,2016,77183.00,2711.00
MD,2017,83061.00,3741.00
MD,2018,86223.00,3331.00
ME,1984,47663.00,2041.00
ME,1985,45793.00,1792.00
ME,1986,51377.00,2128.00
ME,1987,50042.00,2161.00
ME,1988,54031.00,1928.00
ME,1989,55335.00,2724.00
ME,1990,51320.00,2937.00
ME,1991,50247.00,2259.00
ME,1992,52105.00,1805.00
ME,1993,47084.00,2064.00
ME,1994,50958.00,2584.00
ME,1995,55573.00,1786.00
ME,1996,55472.00,1936.00
ME,1997,51287.00,2036.00
ME,1998,55030.00,1620.00
ME,1999,58754.00,1994.00
ME,2000,54492.00,1247.00
ME,2001,52054.00,1354.00
ME,2002,51583.00,1184.00
ME,2003,50793.00,1293.00
ME,2004,55076.00,1630.00
ME,2005,56615.00,1847.00
ME,2006,56983.00,2244.00
ME,2007,58146.00,1697.00
ME,2008,55216.00,1679.00
ME,2009,55730.00,2040.00
ME,2010,55321.00,1947.00
ME,2011,55602.00,2219.00
ME,2012,53863.00,2462.00
ME,2013,59338.00,4171.00
ME,2014,54902.00,2305.00
ME,2015,53796.00,2045.00
ME,2016,53216.00,3501.00
ME,2017,52923.00,2198.00
ME,2018,58663.00,5683.00
MI,1984,53012.00,1466.00
MI,1985,54102.00,1870.00
MI,1986,58354.00,1421.00
MI,1987,58740.00,1535.00
MI,1988,60314.00,1242.00
MI,1989,60342.00,1549.00
MI,1990,55941.00,1239.00
MI,1991,57908.00,1242.00
MI,1992,56767.00,1339.00
MI,1993,56048.00,1170.00
MI,1994,59309.00,1151.00
MI,1995,59788.00,1632.00
MI,1996,62713.00,1827.00
MI,1997,60630.00,1734.00
MI,1998,64574.00,1416.00
MI,1999,69680.00,1551.00
MI,2000,66549.00,1601.00
MI,2001,64046.00,1234.00
MI,2002,59788.00,1561.00
MI,2003,61618.00,1300.00
MI,2004,56311.00,1143.00
MI,2005,59205.00,1179.00
MI,2006,60735.00,1206.00
MI,2007,59938.00,969.00
MI,2008,58209.00,1349.00
MI,2009,53961.00,1177.00
MI,2010,53411.00,2005.00
MI,2011,54691.00,2063.00
MI,2012,54802.00,1660.00
MI,2013,61076.00,1713.00
MI,2014,55215.00,1273.00
MI,2015,57450.00,2125.00
MI,2016,59740.00,1997.00
MI,2017,59107.00,2394.00
MI,2018,60449.00,1906.00
MN,1984,56407.00,2110.00
MN,1985,53240.00,2281.00
MN,1986,57999.00,2522.00
MN,1987,59545.00,2360.00
MN,1988,59526.00,2130.00
MN,1989,59186.00,2506.00
MN,1990,58796.00,1921.00
MN,1991,53151.00,2066.00
MN,1992,54504.00,2282.00
MN,1993,57799.00,2080.00
MN,1994,56553.00,2286.00
MN,1995,62262.00,3033.00
MN,1996,65536.00,1959.00
MN,1997,66611.00,2363.00
MN,1998,74000.00,3266.00
MN,1999,71115.00,2309.00
MN,2000,79328.00,2490.00
MN,2001,74900.00,1612.00
MN,2002,76454.00,1674.00
MN,2003,72294.00,1681.00
MN,2004,74765.00,1426.00
MN,2005,69880.00,1603.00
MN,2006,70178.00,1521.00
MN,2007,70485.00,2292.00
MN,2008,64215.00,1668.00
MN,2009,65806.00,1451.00
MN,2010,60388.00,1854.00
MN,2011,64695.00,2663.00
MN,2012,67709.00,1467.00
MN,2013,69451.00,4310.00
MN,2014,71395.00,3405.00
MN,2015,72847.00,3246.00
MN,2016,73477.00,4233.00
MN,2017,73673.00,3064.00
MN,2018,71817.00,3656.00
MO,1984,47956.00,1650.00
MO,1985,48962.00,1357.00
MO,1986,48089.00,1693.00
MO,1987,50296.00,2475.00
MO,1988,47976.00,2227.00
MO,1989,51954.00,1463.00
MO,1990,51073.00,2605.00
MO,1991,50351.00,2551.00
MO,1992,48136.00,2553.00
MO,1993,49219.00,2516.00
MO,1994,50747.00,2424.00
MO,1995,57161.00,2254.00
MO,1996,54783.00,2419.00
MO,1997,57204.00,3224.00
MO,1998,62072.00,2884.00
MO,1999,62565.00,1801.00
MO,2000,65943.00,1736.00
MO,2001,58774.00,1712.00
MO,2002,59873.00,1503.00
MO,2003,59893.00,1198.00
MO,2004,56152.00,1430.00
MO,2005,55407.00,1275.00
MO,2006,55656.00,1750.00
MO,2007,55852.00,1340.00
MO,2008,53825.00,1340.00
MO,2009,57217.00,1871.00
MO,2010,52881.00,2490.00
MO,2011,51217.00,2413.00
MO,2012,54527.00,2237.00
MO,2013,49994.00,4464.00
MO,2014,60126.00,3217.00
MO,2015,62742.00,2763.00
MO,2016,57569.00,1799.00
MO,2017,58272.00,2675.00
MO,2018,61726.00,2442.00
MS,1984,35618.00,1690.00
MS,1985,36630.00,1381.00
MS,1986,36219.00,1402.00
MS,1987,39255.00,1910.00
MS,1988,37176.00,1817.00
MS,1989,39053.00,1857.00
MS,1990,37705.00,1499.00
MS,1991,35114.00,1899.00
MS,1992,36188.00,1889.00
MS,1993,38080.00,2109.00
MS,1994,42695.00,1264.00
MS,1995,43559.00,1687.00
MS,1996,42651.00,2104.00
MS,1997,44600.00,2169.00
MS,1998,44963.00,1788.00
MS,1999,49102.00,2129.00
MS,2000,50153.00,1980.00
MS,2001,42882.00,1686.00
MS,2002,43225.00,1072.00
MS,2003,44792.00,1523.00
MS,2004,46315.00,1509.00
MS,2005,42374.00,1665.00
MS,2006,43363.00,1976.00
MS,2007,45259.00,1155.00
MS,2008,42611.00,970.00
MS,2009,41154.00,1530.00
MS,2010,44044.00,3266.00
MS,2011,45976.00,2647.00
MS,2012,40148.00,1694.00
MS,2013,34916.00,2948.00
MS,2014,37714.00,1374.00
MS,2015,42435.00,1135.00
MS,2016,43006.00,1283.00
MS,2017,44500.00,2258.00
MS,2018,42781.00,2304.00
MT,1984,45096.00,1662.00
MT,1985,45162.00,1785.00
MT,1986,44587.00,1643.00
MT,1987,43413.00,1694.00
MT,1988,45495.00,1697.00
MT,1989,46454.00,2571.00
MT,1990,43679.00,1837.00
MT,1991,44764.00,1605.00
MT,1992,46665.00,1281.00
MT,1993,45423.00,1656.00
MT,1994,46445.00,2094.00
MT,1995,45559.00,1814.00
MT,1996,45860.00,2504.00
MT,1997,45716.00,1792.00
MT,1998,48756.00,1749.00
MT,1999,46925.00,1460.00
MT,2000,47928.00,1464.00
MT,2001,45675.00,1048.00
MT,2002,48758.00,1696.00
MT,2003,46681.00,1460.00
MT,2004,45250.00,945.00
MT,2005,48095.00,1496.00
MT,2006,51319.00,870.00
MT,2007,52999.00,2063.00
MT,2008,50156.00,2062.00
MT,2009,47442.00,1176.00
MT,2010,47645.00,2132.00
MT,2011,45066.00,2278.00
MT,2012,49403.00,2810.00
MT,2013,46644.00,6420.00
MT,2014,54256.00,1888.00
MT,2015,54474.00,3113.00
MT,2016,59724.00,3014.00
MT,2017,60527.00,2652.00
MT,2018,57679.00,2876.00
NC,1984,47481.00,1480.00
NC,1985,47873.00,1306.00
NC,1986,47949.00,1531.00
NC,1987,48261.00,1149.00
NC,1988,49965.00,1097.00
NC,1989,51776.00,1014.00
NC,1990,49199.00,1039.00
NC,1991,48417.00,920.00
NC,1992,48857.00,1084.00
NC,1993,49455.00,1121.00
NC,1994,50619.00,1126.00
NC,1995,52489.00,1458.00
NC,1996,56919.00,1612.00
NC,1997,56088.00,1435.00
NC,1998,55336.00,1578.00
NC,1999,56323.00,1451.00
NC,2000,56029.00,1179.00
NC,2001,54257.00,1352.00
NC,2002,51110.00,1002.00
NC,2003,51021.00,1288.00
NC,2004,53622.00,1082.00
NC,2005,54208.00,1243.00
NC,2006,49686.00,1018.00
NC,2007,52827.00,1301.00
NC,2008,50191.00,989.00
NC,2009,49165.00,676.00
NC,2010,50588.00,2219.00
NC,2011,50581.00,1746.00
NC,2012,45530.00,1418.00
NC,2013,50030.00,3211.00
NC,2014,49672.00,1816.00
NC,2015,53840.00,1423.00
NC,2016,56259.00,1705.00
NC,2017,51570.00,1803.00
NC,2018,53369.00,1761.00
ND,1984,47947.00,2396.00
ND,1985,47324.00,1805.00
ND,1986,47175.00,1722.00
ND,1987,47870.00,1919.00
ND,1988,49304.00,2065.00
ND,1989,49468.00,1771.00
ND,1990,47209.00,1874.00
ND,1991,46684.00,1680.00
ND,1992,47428.00,1585.00
ND,1993,48251.00,1433.00
ND,1994,47533.00,1874.00
ND,1995,47746.00,1998.00
ND,1996,50314.00,1893.00
ND,1997,49548.00,2130.00
ND,1998,46791.00,1820.00
ND,1999,49382.00,2091.00
ND,2000,52635.00,1557.00
ND,2001,50889.00,1143.00
ND,2002,50669.00,1153.00
ND,2003,55306.00,1166.00
ND,2004,52265.00,1667.00
ND,2005,54383.00,1574.00
ND,2006,51246.00,1754.00
ND,2007,57309.00,1554.00
ND,2008,58026.00,1389.00
ND,2009,58749.00,2039.00
ND,2010,58870.00,2667.00
ND,2011,63063.00,3312.00
ND,2012,61103.00,2326.00
ND,2013,63867.00,3726.00
ND,2014,64479.00,3332.00
ND,2015,60854.00,3427.00
ND,2016,62977.00,2396.00
ND,2017,61346.00,1717.00
ND,2018,66505.00,3095.00
NE,1984,49392.00,1766.00
NE,1985,48650.00,2040.00
NE,1986,47754.00,1785.00
NE,1987,49338.00,1614.00
NE,1988,51488.00,1965.00
NE,1989,51605.00,2982.00
NE,1990,51353.00,2108.00
NE,1991,53278.00,1816.00
NE,1992,52863.00,1884.00
NE,1993,53210.00,1429.00
NE,1994,53443.00,1876.00
NE,1995,54049.00,1896.00
NE,1996,54381.00,2398.00
NE,1997,54292.00,2391.00
NE,1998,56223.00,2392.00
NE,1999,58397.00,2065.00
NE,2000,61048.00,1489.00
NE,2001,62004.00,1587.00
NE,2002,59901.00,1453.00
NE,2003,60184.00,1787.00
NE,2004,58350.00,1775.00
NE,2005,61770.00,1865.00
NE,2006,60108.00,1860.00
NE,2007,59700.00,1674.00
NE,2008,59308.00,1466.00
NE,2009,58186.00,1944.00
NE,2010,60599.00,2033.00
NE,2011,62229.00,3013.00
NE,2012,57191.00,2957.00
NE,2013,62216.00,4553.00
NE,2014,60380.00,2393.00
NE,2015,64097.00,3113.00
NE,2016,62129.00,2802.00
NE,2017,61072.00,2917.00
NE,2018,67575.00,3933.00
NH,1984,59819.00,1697.00
NH,1985,58925.00,2397.00
NH,1986,67003.00,1818.00
NH,1987,68570.00,3075.00
NH,1988,70860.00,2310.00
NH,1989,73591.00,2688.00
NH,1990,76249.00,2453.00
NH,1991,64967.00,2414.00
NH,1992,69379.00,3381.00
NH,1993,65147.00,2780.00
NH,1994,59244.00,3088.00
NH,1995,64294.00,2554.00
NH,1996,63003.00,2772.00
NH,1997,64160.00,2510.00
NH,1998,69417.00,2881.00
NH,1999,69629.00,2951.00
NH,2000,74466.00,1818.00
NH,2001,72980.00,1022.00
NH,2002,77433.00,1804.00
NH,2003,76050.00,1785.00
NH,2004,75712.00,1764.00
NH,2005,73450.00,2611.00
NH,2006,77368.00,1847.00
NH,2007,82041.00,2241.00
NH,2008,77369.00,3746.00
NH,2009,75240.00,2178.00
NH,2010,76907.00,1906.00
NH,2011,73714.00,1848.00
NH,2012,74310.00,2437.00
NH,2013,74607.00,4283.00
NH,2014,77928.00,3454.00
NH,2015,80208.00,3730.00
NH,2016,79799.00,3048.00
NH,2017,76624.00,3115.00
NH,2018,81346.00,3394.00
NJ,1984,64117.00,1847.00
NJ,1985,69139.00,1435.00
NJ,1986,69562.00,1847.00
NJ,1987,72605.00,1684.00
NJ,1988,74261.00,1347.00
NJ,1989,76705.00,1859.00
NJ,1990,72379.00,1614.00
NJ,1991,72209.00,1863.00
NJ,1992,68612.00,1480.00
NJ,1993,69498.00,1692.00
NJ,1994,71069.00,1788.00
NJ,1995,72095.00,2298.00
NJ,1996,75891.00,1946.00
NJ,1997,75151.00,2229.00
NJ,1998,76934.00,2217.00
NJ,1999,75191.00,2124.00
NJ,2000,73704.00,1449.00
NJ,2001,73606.00,1327.00
NJ,2002,76379.00,2247.00
NJ,2003,76704.00,1400.00
NJ,2004,73660.00,1710.00
NJ,2005,81678.00,2909.00
NJ,2006,84970.00,2471.00
NJ,2007,73460.00,1770.00
NJ,2008,76352.00,2686.00
NJ,2009,75998.00,2251.00
NJ,2010,72677.00,2820.00
NJ,2011,69751.00,3388.00
NJ,2012,73075.00,2148.00
NJ,2013,68836.00,4820.00
NJ,2014,69270.00,2859.00
NJ,2015,72452.00,3320.00
NJ,2016,71645.00,3000.00
NJ,2017,74776.00,3072.00
NJ,2018,74176.00,2845.00
NM,1984,47622.00,2375.00
NM,1985,45579.00,2288.00
NM,1986,43527.00,1520.00
NM,1987,44016.00,1317.00
NM,1988,39489.00,1705.00
NM,1989,44317.00,2018.00
NM,1990,46788.00,1958.00
NM,1991,47852.00,2155.00
NM,1992,45495.00,2370.00
NM,1993,45917.00,1464.00
NM,1994,45225.00,2323.00
NM,1995,42661.00,1806.00
NM,1996,40107.00,1744.00
NM,1997,47083.00,1811.00
NM,1998,48704.00,2159.00
NM,1999,49247.00,2640.00
NM,2000,51314.00,1825.00
NM,2001,47094.00,1760.00
NM,2002,49629.00,1485.00
NM,2003,48045.00,1563.00
NM,2004,52721.00,2111.00
NM,2005,50201.00,2191.00
NM,2006,49974.00,1569.00
NM,2007,53850.00,1790.00
NM,2008,49223.00,1615.00
NM,2009,51084.00,1753.00
NM,2010,52093.00,3481.00
NM,2011,46974.00,2410.00
NM,2012,47580.00,2484.00
NM,2013,43368.00,4759.00
NM,2014,49568.00,3516.00
NM,2015,47822.00,3058.00
NM,2016,50699.00,3098.00
NM,2017,49022.00,2017.00
NM,2018,48283.00,2202.00
NV,1984,59500.00,2350.00
NV,1985,51942.00,2243.00
NV,1986,57503.00,1963.00
NV,1987,56992.00,2392.00
NV,1988,57267.00,1956.00
NV,1989,57529.00,1859.00
NV,1990,59839.00,2203.00
NV,1991,59386.00,2820.00
NV,1992,56135.00,1400.00
NV,1993,61457.00,1850.00
NV,1994,60296.00,2579.00
NV,1995,59227.00,2157.00
NV,1996,61617.00,2582.00
NV,1997,60805.00,2466.00
NV,1998,61385.00,1891.00
NV,1999,62683.00,2667.00
NV,2000,66909.00,1478.00
NV,2001,64552.00,1607.00
NV,2002,62928.00,1625.00
NV,2003,61840.00,2127.00
NV,2004,62905.00,1842.00
NV,2005,62139.00,2165.00
NV,2006,65273.00,1563.00
NV,2007,65629.00,1571.00
NV,2008,64004.00,3108.00
NV,2009,60344.00,1287.00
NV,2010,59094.00,2218.00
NV,2011,52637.00,2986.00
NV,2012,51863.00,2775.00
NV,2013,55979.00,3431.00
NV,2014,52954.00,1949.00
NV,2015,55123.00,2408.00
NV,2016,58003.00,2236.00
NV,2017,57929.00,3113.00
NV,2018,61864.00,2116.00
NY,1984,50846.00,963.00
NY,1985,52756.00,1167.00
NY,1986,54889.00,1040.00
NY,1987,55945.00,967.00
NY,1988,59174.00,1367.00
NY,1989,61756.00,888.00
NY,1990,59032.00,955.00
NY,1991,57325.00,970.00
NY,1992,54627.00,931.00
NY,1993,54392.00,954.00
NY,1994,53619.00,802.00
NY,1995,54211.00,1175.00
NY,1996,56613.00,1193.00
NY,1997,56022.00,992.00
NY,1998,57738.00,1200.00
NY,1999,60458.00,1329.00
NY,2000,59577.00,850.00
NY,2001,59876.00,853.00
NY,2002,58740.00,812.00
NY,2003,58560.00,1193.00
NY,2004,59500.00,1055.00
NY,2005,60808.00,1066.00
NY,2006,60204.00,1235.00
NY,2007,59421.00,1114.00
NY,2008,58996.00,797.00
NY,2009,58915.00,703.00
NY,2010,57456.00,1524.00
NY,2011,56657.00,1126.00
NY,2012,52243.00,1737.00
NY,2013,53949.00,2448.00
NY,2014,57662.00,1891.00
NY,2015,61480.00,2337.00
NY,2016,64288.00,1470.00
NY,2017,63969.00,2144.00
NY,2018,67274.00,1722.00
OH,1984,53376.00,1136.00
OH,1985,56182.00,1259.00
OH,1986,55086.00,1290.00
OH,1987,54649.00,1177.00
OH,1988,56770.00,1302.00
OH,1989,56903.00,1284.00
OH,1990,56083.00,1345.00
OH,1991,53712.00,1368.00
OH,1992,55248.00,1033.00
OH,1993,53685.00,1129.00
OH,1994,53545.00,982.00
OH,1995,57351.00,1622.00
OH,1996,54471.00,1700.00
OH,1997,56548.00,1399.00
OH,1998,60102.00,2433.00
OH,1999,59702.00,1495.00
OH,2000,62821.00,1070.00
OH,2001,59408.00,940.00
OH,2002,59745.00,1088.00
OH,2003,59562.00,1273.00
OH,2004,57376.00,1302.00
OH,2005,56975.00,1348.00
OH,2006,57305.00,790.00
OH,2007,59609.00,1317.00
OH,2008,54873.00,991.00
OH,2009,53826.00,734.00
OH,2010,52961.00,1723.00
OH,2011,49957.00,1343.00
OH,2012,48622.00,1888.00
OH,2013,54793.00,2643.00
OH,2014,52708.00,1479.00
OH,2015,56494.00,2074.00
OH,2016,56490.00,1982.00
OH,2017,61225.00,1936.00
OH,2018,61633.00,2254.00
OK,1984,48817.00,1657.00
OK,1985,47324.00,1705.00
OK,1986,45946.00,1910.00
OK,1987,45994.00,1874.00
OK,1988,48434.00,1547.00
OK,1989,46405.00,2424.00
OK,1990,45564.00,1951.00
OK,1991,45909.00,1945.00
OK,1992,44482.00,1891.00
OK,1993,45062.00,2560.00
OK,1994,45369.00,2039.00
OK,1995,43186.00,1444.00
OK,1996,43866.00,1741.00
OK,1997,49063.00,1604.00
OK,1998,52076.00,1902.00
OK,1999,49412.00,2254.00
OK,2000,47423.00,1037.00
OK,2001,50627.00,981.00
OK,2002,51030.00,858.00
OK,2003,49136.00,1069.00
OK,2004,52790.00,1495.00
OK,2005,48523.00,1868.00
OK,2006,48488.00,1994.00
OK,2007,52466.00,1764.00
OK,2008,53910.00,1088.00
OK,2009,53825.00,1336.00
OK,2010,49749.00,2393.00
OK,2011,54217.00,2680.00
OK,2012,53040.00,3091.00
OK,2013,49841.00,3716.00
OK,2014,50113.00,2946.00
OK,2015,49897.00,2053.00
OK,2016,53307.00,1729.00
OK,2017,56347.00,3178.00
OK,2018,54434.00,2774.00
OR,1984,49397.00,1720.00
OR,1985,48862.00,2325.00
OR,1986,54336.00,2198.00
OR,1987,53091.00,2315.00
OR,1988,56786.00,2353.00
OR,1989,55939.00,2814.00
OR,1990,54715.00,1805.00
OR,1991,54433.00,1960.00
OR,1992,56168.00,3587.00
OR,1993,56865.00,1991.00
OR,1994,52875.00,1896.00
OR,1995,59703.00,1592.00
OR,1996,56744.00,2037.00
OR,1997,58290.00,2798.00
OR,1998,60321.00,2975.00
OR,1999,61410.00,1893.00
OR,2000,62144.00,1369.00
OR,2001,58680.00,1069.00
OR,2002,58510.00,1197.00
OR,2003,56986.00,1321.00
OR,2004,54629.00,1401.00
OR,2005,56919.00,1793.00
OR,2006,58792.00,1743.00
OR,2007,60989.00,1647.00
OR,2008,60476.00,1606.00
OR,2009,57603.00,1929.00
OR,2010,58404.00,1737.00
OR,2011,57653.00,1798.00
OR,2012,56730.00,2553.00
OR,2013,52905.00,3117.00
OR,2014,62509.00,3183.00
OR,2015,64478.00,2516.00
OR,2016,61879.00,2744.00
OR,2017,66185.00,2926.00
OR,2018,69165.00,3655.00
PA,1984,46966.00,1152.00
PA,1985,51056.00,1201.00
PA,1986,52217.00,1086.00
PA,1987,53909.00,1147.00
PA,1988,54727.00,1017.00
PA,1989,56254.00,1341.00
PA,1990,54199.00,1286.00
PA,1991,54752.00,1107.00
PA,1992,52571.00,1173.00
PA,1993,53188.00,1191.00
PA,1994,53900.00,1099.00
PA,1995,56667.00,1121.00
PA,1996,55796.00,1557.00
PA,1997,58713.00,1509.00
PA,1998,60241.00,1668.00
PA,1999,57085.00,1725.00
PA,2000,61671.00,1029.00
PA,2001,61845.00,1028.00
PA,2002,59484.00,1113.00
PA,2003,58759.00,1065.00
PA,2004,58776.00,1385.00
PA,2005,59678.00,960.00
PA,2006,60523.00,1085.00
PA,2007,58805.00,1131.00
PA,2008,60096.00,689.00
PA,2009,56517.00,1099.00
PA,2010,55763.00,1741.00
PA,2011,55845.00,1895.00
PA,2012,56871.00,1539.00
PA,2013,59552.00,3170.00
PA,2014,58579.00,2406.00
PA,2015,64006.00,2360.00
PA,2016,63809.00,2130.00
PA,2017,64713.00,2820.00
PA,2018,64524.00,1635.00
RI,1984,49888.00,1957.00
RI,1985,54957.00,2009.00
RI,1986,58212.00,2325.00
RI,1987,59991.00,3053.00
RI,1988,61071.00,3242.00
RI,1989,59066.00,2655.00
RI,1990,59736.00,2196.00
RI,1991,55598.00,1967.00
RI,1992,53538.00,2521.00
RI,1993,57502.00,2655.00
RI,1994,53668.00,2220.00
RI,1995,58037.00,2254.00
RI,1996,59133.00,1656.00
RI,1997,54456.00,3498.00
RI,1998,62821.00,4103.00
RI,1999,64585.00,2993.00
RI,2000,61702.00,1489.00
RI,2001,65007.00,1631.00
RI,2002,59371.00,1225.00
RI,2003,61192.00,1709.00
RI,2004,63879.00,2628.00
RI,2005,63782.00,1877.00
RI,2006,67088.00,2276.00
RI,2007,65814.00,2245.00
RI,2008,62246.00,2805.00
RI,2009,60578.00,1696.00
RI,2010,59582.00,1997.00
RI,2011,54864.00,2554.00
RI,2012,61431.00,2806.00
RI,2013,60812.00,4159.00
RI,2014,62252.00,4248.00
RI,2015,59038.00,3442.00
RI,2016,64383.00,2959.00
RI,2017,68008.00,4312.00
RI,2018,62266.00,3348.00
SC,1984,46881.00,2156.00
SC,1985,44715.00,1924.00
SC,1986,48184.00,1895.00
SC,1987,53114.00,2409.00
SC,1988,52253.00,2353.00
SC,1989,46662.00,2076.00
SC,1990,53695.00,2584.00
SC,1991,49516.00,2050.00
SC,1992,48517.00,2523.00
SC,1993,44707.00,1647.00
SC,1994,50168.00,1915.00
SC,1995,47716.00,2298.00
SC,1996,55422.00,2246.00
SC,1997,53619.00,2518.00
SC,1998,51366.00,2023.00
SC,1999,55125.00,2612.00
SC,2000,54936.00,1370.00
SC,2001,53652.00,1454.00
SC,2002,52925.00,1713.00
SC,2003,52663.00,1534.00
SC,2004,51560.00,1361.00
SC,2005,51854.00,1552.00
SC,2006,49461.00,1682.00
SC,2007,53677.00,1885.00
SC,2008,49285.00,1311.00
SC,2009,48221.00,1306.00
SC,2010,48127.00,1685.00
SC,2011,44850.00,1904.00
SC,2012,48650.00,2363.00
SC,2013,47035.00,2578.00
SC,2014,47702.00,2383.00
SC,2015,49137.00,2402.00
SC,2016,56858.00,3299.00
SC,2017,56311.00,2129.00
SC,2018,57444.00,2082.00
SD,1984,44803.00,2142.00
SD,1985,40488.00,1567.00
SD,1986,43643.00,1456.00
SD,1987,44849.00,1266.00
SD,1988,45624.00,1439.00
SD,1989,47270.00,1959.00
SD,1990,45914.00,1603.00
SD,1991,44425.00,1406.00
SD,1992,46197.00,1177.00
SD,1993,47597.00,1785.00
SD,1994,49978.00,1992.00
SD,1995,48548.00,2643.00
SD,1996,47206.00,1604.00
SD,1997,46470.00,1792.00
SD,1998,50623.00,1564.00
SD,1999,54167.00,1427.00
SD,2000,53335.00,1005.00
SD,2001,56403.00,1217.00
SD,2002,53011.00,1334.00
SD,2003,54090.00,1374.00
SD,2004,54780.00,1326.00
SD,2005,55620.00,1765.00
SD,2006,56715.00,2049.00
SD,2007,56354.00,1093.00
SD,2008,60328.00,1163.00
SD,2009,53764.00,1512.00
SD,2010,52344.00,2360.00
SD,2011,52838.00,2402.00
SD,2012,54144.00,1868.00
SD,2013,57670.00,3150.00
SD,2014,56328.00,3761.00
SD,2015,58364.00,2760.00
SD,2016,60116.00,3218.00
SD,2017,58281.00,3722.00
SD,2018,59463.00,2642.00
TN,1984,38739.00,1330.00
TN,1985,39676.00,1243.00
TN,1986,40042.00,1939.00
TN,1987,44908.00,1686.00
TN,1988,42682.00,2081.00
TN,1989,44335.00,2559.00
TN,1990,42216.00,1624.00
TN,1991,44089.00,1650.00
TN,1992,42782.00,1606.00
TN,1993,43075.00,1426.00
TN,1994,48140.00,1728.00
TN,1995,47624.00,2081.00
TN,1996,49227.00,1738.00
TN,1997,47944.00,2125.00
TN,1998,52638.00,2018.00
TN,1999,55216.00,1981.00
TN,2000,49856.00,1360.00
TN,2001,50875.00,1125.00
TN,2002,51831.00,1555.00
TN,2003,51355.00,1616.00
TN,2004,50735.00,1409.00
TN,2005,50792.00,1535.00
TN,2006,50804.00,943.00
TN,2007,50013.00,1355.00
TN,2008,46417.00,1416.00
TN,2009,47535.00,1159.00
TN,2010,44541.00,1451.00
TN,2011,47306.00,2860.00
TN,2012,47110.00,2637.00
TN,2013,46817.00,3709.00
TN,2014,46415.00,2470.00
TN,2015,50165.00,1810.00
TN,2016,53727.00,1451.00
TN,2017,56587.00,2215.00
TN,2018,56060.00,1442.00
TX,1984,53148.00,1230.00
TX,1985,52988.00,1219.00
TX,1986,52996.00,1127.00
TX,1987,52419.00,1351.00
TX,1988,51086.00,1191.00
TX,1989,50756.00,1096.00
TX,1990,52747.00,1338.00
TX,1991,50003.00,1129.00
TX,1992,49177.00,1115.00
TX,1993,49296.00,1052.00
TX,1994,51696.00,1101.00
TX,1995,52588.00,1041.00
TX,1996,52875.00,1220.00
TX,1997,54891.00,1377.00
TX,1998,55251.00,1022.00
TX,1999,58491.00,1542.00
TX,2000,56456.00,1148.00
TX,2001,58093.00,728.00
TX,2002,56196.00,788.00
TX,2003,53747.00,1043.00
TX,2004,55166.00,732.00
TX,2005,53391.00,541.00
TX,2006,54068.00,1034.00
TX,2007,55911.00,850.00
TX,2008,54353.00,788.00
TX,2009,55699.00,872.00
TX,2010,54554.00,1338.00
TX,2011,54879.00,1290.00
TX,2012,56896.00,1041.00
TX,2013,55503.00,1468.00
TX,2014,57201.00,1427.00
TX,2015,59856.00,1366.00
TX,2016,60844.00,1472.00
TX,2017,60740.00,1743.00
TX,2018,59785.00,1372.00
UT,1984,53224.00,1697.00
UT,1985,56325.00,1567.00
UT,1986,57644.00,1777.00
UT,1987,56252.00,2532.00
UT,1988,53849.00,1860.00
UT,1989,60229.00,1988.00
UT,1990,56324.00,1902.00
UT,1991,50513.00,2450.00
UT,1992,60257.00,2014.00
UT,1993,61409.00,2131.00
UT,1994,60035.00,1750.00
UT,1995,59877.00,1508.00
UT,1996,59216.00,2126.00
UT,1997,66941.00,2793.00
UT,1998,68400.00,2123.00
UT,1999,69621.00,2442.00
UT,2000,69529.00,1522.00
UT,2001,67309.00,2276.00
UT,2002,66991.00,1604.00
UT,2003,67439.00,1234.00
UT,2004,67791.00,1235.00
UT,2005,70651.00,1680.00
UT,2006,68202.00,2086.00
UT,2007,64987.00,1479.00
UT,2008,73115.00,1784.00
UT,2009,68623.00,1863.00
UT,2010,65443.00,2265.00
UT,2011,62092.00,1856.00
UT,2012,63924.00,3226.00
UT,2013,65913.00,1677.00
UT,2014,67296.00,3430.00
UT,2015,70227.00,2609.00
UT,2016,70613.00,2341.00
UT,2017,73058.00,2305.00
UT,2018,77067.00,2327.00
VA,1984,61229.00,2018.00
VA,1985,63446.00,2955.00
VA,1986,65176.00,2356.00
VA,1987,63604.00,2148.00
VA,1988,66814.00,2699.00
VA,1989,66897.00,2363.00
VA,1990,65538.00,1958.00
VA,1991,65156.00,2409.00
VA,1992,67201.00,2391.00
VA,1993,62519.00,2380.00
VA,1994,63281.00,2573.00
VA,1995,59454.00,2283.00
VA,1996,62690.00,2333.00
VA,1997,67226.00,2969.00
VA,1998,66941.00,3389.00
VA,1999,69081.00,2676.00
VA,2000,68964.00,1557.00
VA,2001,71431.00,1632.00
VA,2002,69468.00,1806.00
VA,2003,74977.00,2139.00
VA,2004,68151.00,1487.00
VA,2005,66915.00,1527.00
VA,2006,71312.00,1988.00
VA,2007,71824.00,1657.00
VA,2008,72469.00,1692.00
VA,2009,70981.00,1400.00
VA,2010,69675.00,2268.00
VA,2011,70062.00,1984.00
VA,2012,70818.00,2373.00
VA,2013,71160.00,2958.00
VA,2014,70239.00,3128.00
VA,2015,65169.00,2585.00
VA,2016,69535.00,2549.00
VA,2017,73031.00,3356.00
VA,2018,77151.00,3086.00
VT,1984,52118.00,2269.00
VT,1985,58025.00,2102.00
VT,1986,53954.00,2200.00
VT,1987,53890.00,2913.00
VT,1988,59324.00,2204.00
VT,1989,61362.00,2227.00
VT,1990,58110.00,2487.00
VT,1991,52567.00,2203.00
VT,1992,57625.00,2345.00
VT,1993,53308.00,1641.00
VT,1994,60180.00,3204.00
VT,1995,55518.00,2039.00
VT,1996,51734.00,1998.00
VT,1997,54857.00,2703.00
VT,1998,60792.00,2457.00
VT,1999,62869.00,2127.00
VT,2000,57896.00,1347.00
VT,2001,57999.00,1342.00
VT,2002,60186.00,1162.00
VT,2003,59208.00,1337.00
VT,2004,63071.00,1692.00
VT,2005,65355.00,1687.00
VT,2006,64897.00,1581.00
VT,2007,57534.00,1697.00
VT,2008,59283.00,1148.00
VT,2009,61381.00,1687.00
VT,2010,64551.00,2593.00
VT,2011,58029.00,2246.00
VT,2012,60901.00,3320.00
VT,2013,70735.00,4333.00
VT,2014,64455.00,3289.00
VT,2015,63058.00,2779.00
VT,2016,63660.00,1427.00
VT,2017,65360.00,3209.00
VT,2018,70066.00,2350.00
WA,1984,57748.00,1900.00
WA,1985,53562.00,1687.00
WA,1986,58960.00,2084.00
WA,1987,57928.00,2349.00
WA,1988,66157.00,2108.00
WA,1989,62668.00,2886.00
WA,1990,60005.00,2315.00
WA,1991,61249.00,2137.00
WA,1992,59639.00,2194.00
WA,1993,61184.00,1906.00
WA,1994,56366.00,2000.00
WA,1995,58380.00,2055.00
WA,1996,58637.00,2571.00
WA,1997,69738.00,2684.00
WA,1998,73220.00,2129.00
WA,1999,68749.00,3145.00
WA,2000,62182.00,1771.00
WA,2001,60411.00,1797.00
WA,2002,63243.00,1349.00
WA,2003,65020.00,1909.00
WA,2004,66527.00,1423.00
WA,2005,65280.00,1347.00
WA,2006,68321.00,1553.00
WA,2007,70512.00,2108.00
WA,2008,66210.00,2363.00
WA,2009,70853.00,1407.00
WA,2010,64822.00,2378.00
WA,2011,63610.00,2219.00
WA,2012,68139.00,2464.00
WA,2013,69017.00,3656.00
WA,2014,62714.00,2330.00
WA,2015,71271.00,3448.00
WA,2016,73573.00,2189.00
WA,2017,77256.00,3388.00
WA,2018,79726.00,3025.00
WI,1984,47882.00,1895.00
WI,1985,51879.00,2591.00
WI,1986,57970.00,1761.00
WI,1987,55913.00,2990.00
WI,1988,60525.00,2001.00
WI,1989,57103.00,2431.00
WI,1990,57387.00,1676.00
WI,1991,56134.00,1835.00
WI,1992,58598.00,1930.00
WI,1993,54511.00,2299.00
WI,1994,59484.00,2138.00
WI,1995,67222.00,2163.00
WI,1996,63953.00,2846.00
WI,1997,61965.00,1800.00
WI,1998,63811.00,1962.00
WI,1999,69042.00,2839.00
WI,2000,65929.00,1392.00
WI,2001,64471.00,1597.00
WI,2002,64250.00,1324.00
WI,2003,63324.00,1339.00
WI,2004,60943.00,1782.00
WI,2005,57552.00,1518.00
WI,2006,64536.00,1431.00
WI,2007,62253.00,1263.00
WI,2008,59860.00,996.00
WI,2009,60112.00,946.00
WI,2010,58114.00,1656.00
WI,2011,58248.00,2313.00
WI,2012,58159.00,1873.00
WI,2013,55849.00,2839.00
WI,2014,61665.00,2287.00
WI,2015,58745.00,1576.00
WI,2016,62593.00,1931.00
WI,2017,64998.00,3763.00
WI,2018,62629.00,2039.00
WV,1984,38880.00,1403.00
WV,1985,35670.00,1848.00
WV,1986,36111.00,1985.00
WV,1987,36486.00,1650.00
WV,1988,39606.00,1903.00
WV,1989,42503.00,1653.00
WV,1990,41366.00,2134.00
WV,1991,41735.00,1655.00
WV,1992,35662.00,1569.00
WV,1993,38475.00,1683.00
WV,1994,39609.00,2046.00
WV,1995,40837.00,1428.00
WV,1996,40365.00,2080.00
WV,1997,43018.00,2058.00
WV,1998,41232.00,1204.00
WV,1999,44293.00,1737.00
WV,2000,43006.00,943.00
WV,2001,42188.00,958.00
WV,2002,41094.00,978.00
WV,2003,44840.00,1359.00
WV,2004,44473.00,1563.00
WV,2005,46976.00,1387.00
WV,2006,47965.00,1516.00
WV,2007,51101.00,1201.00
WV,2008,44420.00,1641.00
WV,2009,47504.00,1071.00
WV,2010,49372.00,2906.00
WV,2011,46794.00,1976.00
WV,2012,47721.00,3039.00
WV,2013,46502.00,3729.00
WV,2014,41993.00,2330.00
WV,2015,45389.00,3320.00
WV,2016,46412.00,2087.00
WV,2017,46499.00,1521.00
WV,2018,50573.00,1337.00
WY,1984,54976.00,1687.00
WY,1985,49279.00,2341.00
WY,1986,51673.00,1893.00
WY,1987,58502.00,3092.00
WY,1988,54066.00,2241.00
WY,1989,57884.00,2527.00
WY,1990,55050.00,1852.00
WY,1991,52378.00,2492.00
WY,1992,53146.00,2498.00
WY,1993,50523.00,2003.00
WY,1994,55705.00,3106.00
WY,1995,51751.00,1865.00
WY,1996,49487.00,1372.00
WY,1997,52306.00,2255.00
WY,1998,54428.00,2032.00
WY,1999,56314.00,1943.00
WY,2000,57947.00,1544.00
WY,2001,56471.00,1658.00
WY,2002,55656.00,1366.00
WY,2003,58241.00,1369.00
WY,2004,60497.00,1527.00
WY,2005,57639.00,1944.00
WY,2006,58730.00,1876.00
WY,2007,59178.00,1655.00
WY,2008,62359.00,1844.00
WY,2009,61559.00,2500.00
WY,2010,60249.00,2517.00
WY,2011,60991.00,2548.00
WY,2012,63016.00,3090.00
WY,2013,72817.00,4306.00
WY,2014,59128.00,2144.00
WY,2015,64575.00,2145.00
WY,2016,60513.00,3267.00
WY,2017,59247.00,3210.00
WY,2018,62539.00,3892.00